{
    "train_config": {
        "model": "LSTM",
        "dataset_environment_str": "RTX2080Ti_CPUALL",
        "meta_dataset_environment_strs": [
            "RTX2080Ti_CPUALL"
        ],
        "dataset_subgraph_node_size": 12,
        "dataset_subgraph_step": 8,
        "all_seed": 42,
        "dataset_params": {
            "duration_summed": false
        },
        "model_params": {
            "num_layers": 4,
            "bidirectional": true
        },
        "dataset_dummy": true,
        "batch_size": 128,
        "eval_steps": 5000,
        "learning_rate": 0.001,
        "epochs": 100,
        "optimizer": "Adam",
        "meta_configs": {
            "learning_rate": 0.005,
            "meta_learning_rate": 0.001,
            "meta_train_steps": 1000,
            "meta_task_per_step": 8,
            "meta_fast_adaption_step": 5,
            "meta_dataset_train_environment_strs": [
                "RTX2080Ti_CPUALL"
            ],
            "meta_dataset_eval_environment_strs": [
                "RTX2080Ti_CPUALL"
            ]
        }
    },
    "train_records": {
        "loss": [],
        "eval_metrics": [
            {
                "metrics": {
                    "eval_loss": 0.09280843918724936,
                    "MRE": 0.6890723463007814,
                    "MAE": 0.4903388730205741,
                    "RMSE": 471.49058292865647,
                    "train_loss": 0.11471782624721527
                },
                "step": 0,
                "duration": 0.01161055
            },
            {
                "metrics": {
                    "eval_loss": 0.014555147342973066,
                    "MRE": 0.07310949625648558,
                    "MAE": 0.09257389602406077,
                    "RMSE": 193.52609807693963,
                    "train_loss": 0.01080146711319685
                },
                "step": 5000,
                "duration": 20.37526192
            },
            {
                "metrics": {
                    "eval_loss": 0.012571641649072039,
                    "MRE": 0.07370699695802588,
                    "MAE": 0.0737037035928662,
                    "RMSE": 137.84732310453188,
                    "train_loss": 0.008357047103345394
                },
                "step": 10000,
                "duration": 40.989960863
            },
            {
                "metrics": {
                    "eval_loss": 0.010590694994993545,
                    "MRE": 0.06845001856577114,
                    "MAE": 0.06358917218433943,
                    "RMSE": 94.21070222329662,
                    "train_loss": 0.009030919522047043
                },
                "step": 15000,
                "duration": 63.468432559
            },
            {
                "metrics": {
                    "eval_loss": 0.009530850249575451,
                    "MRE": 0.06831169119171102,
                    "MAE": 0.06563350525946032,
                    "RMSE": 96.14641475298421,
                    "train_loss": 0.006736523937433958
                },
                "step": 20000,
                "duration": 83.739304624
            },
            {
                "metrics": {
                    "eval_loss": 0.008869591771924337,
                    "MRE": 0.06012893893126973,
                    "MAE": 0.053795511359642556,
                    "RMSE": 79.45414887100081,
                    "train_loss": 0.006551935337483883
                },
                "step": 25000,
                "duration": 104.350893905
            },
            {
                "metrics": {
                    "eval_loss": 0.008595876554882496,
                    "MRE": 0.05652753005492771,
                    "MAE": 0.049068230660453065,
                    "RMSE": 67.60202918349022,
                    "train_loss": 0.007246385794132948
                },
                "step": 30000,
                "duration": 124.738901499
            },
            {
                "metrics": {
                    "eval_loss": 0.007755423940561369,
                    "MRE": 0.0527609915952557,
                    "MAE": 0.0422623863929256,
                    "RMSE": 63.45840195914383,
                    "train_loss": 0.007818585261702538
                },
                "step": 35000,
                "duration": 145.303428445
            },
            {
                "metrics": {
                    "eval_loss": 0.007529662051285636,
                    "MRE": 0.053166802073690705,
                    "MAE": 0.04857388415114919,
                    "RMSE": 74.21728061652591,
                    "train_loss": 0.017033379524946213
                },
                "step": 40000,
                "duration": 166.076399627
            },
            {
                "metrics": {
                    "eval_loss": 0.0073017012164571645,
                    "MRE": 0.054348582718830606,
                    "MAE": 0.04371493746002591,
                    "RMSE": 58.87861188948222,
                    "train_loss": 0.012100769206881523
                },
                "step": 45000,
                "duration": 187.095063141
            },
            {
                "metrics": {
                    "eval_loss": 0.007063418473544702,
                    "MRE": 0.04947070938716403,
                    "MAE": 0.038851215103910514,
                    "RMSE": 54.47450694286881,
                    "train_loss": 0.006296291947364807
                },
                "step": 50000,
                "duration": 207.573219386
            },
            {
                "metrics": {
                    "eval_loss": 0.006941633361655439,
                    "MRE": 0.05070592984253111,
                    "MAE": 0.04141019196285022,
                    "RMSE": 54.605172683282944,
                    "train_loss": 0.005753633566200733
                },
                "step": 55000,
                "duration": 227.77609971
            },
            {
                "metrics": {
                    "eval_loss": 0.006562044227505293,
                    "MRE": 0.05208940990269019,
                    "MAE": 0.041466060255625964,
                    "RMSE": 55.157484489995625,
                    "train_loss": 0.007051100023090839
                },
                "step": 60000,
                "duration": 250.62386433
            },
            {
                "metrics": {
                    "eval_loss": 0.006469979023380319,
                    "MRE": 0.05456760631661279,
                    "MAE": 0.04162619846534737,
                    "RMSE": 47.76444512321857,
                    "train_loss": 0.01421122532337904
                },
                "step": 65000,
                "duration": 271.33394462
            },
            {
                "metrics": {
                    "eval_loss": 0.006304655104699753,
                    "MRE": 0.04452695730740506,
                    "MAE": 0.03607849050945716,
                    "RMSE": 46.94845250780003,
                    "train_loss": 0.0046000187285244465
                },
                "step": 70000,
                "duration": 291.7474993
            },
            {
                "metrics": {
                    "eval_loss": 0.0061465392028200155,
                    "MRE": 0.046474549713464305,
                    "MAE": 0.03458515291463848,
                    "RMSE": 43.65446859070045,
                    "train_loss": 0.006571621634066105
                },
                "step": 75000,
                "duration": 312.034183095
            },
            {
                "metrics": {
                    "eval_loss": 0.006067560674154618,
                    "MRE": 0.04693614062038183,
                    "MAE": 0.036862040301902835,
                    "RMSE": 38.65280524915425,
                    "train_loss": 0.006415142677724361
                },
                "step": 80000,