{
    "train_config": {
        "model": "LSTM",
        "dataset_environment_str": "RTX2080Ti_CPUALL",
        "meta_dataset_environment_strs": [
            "RTX2080Ti_CPUALL"
        ],
        "dataset_subgraph_node_size": 8,
        "dataset_subgraph_step": 4,
        "all_seed": 42,
        "dataset_params": {
            "duration_summed": false
        },
        "model_params": {
            "num_layers": 4,
            "bidirectional": true
        },
        "dataset_dummy": true,
        "batch_size": 128,
        "eval_steps": 5000,
        "learning_rate": 0.001,
        "epochs": 100,
        "optimizer": "Adam",
        "meta_configs": {
            "learning_rate": 0.005,
            "meta_learning_rate": 0.001,
            "meta_train_steps": 1000,
            "meta_task_per_step": 8,
            "meta_fast_adaption_step": 5,
            "meta_dataset_train_environment_strs": [
                "RTX2080Ti_CPUALL"
            ],
            "meta_dataset_eval_environment_strs": [
                "RTX2080Ti_CPUALL"
            ]
        }
    },
    "train_records": {
        "loss": [],
        "eval_metrics": [
            {
                "metrics": {
                    "eval_loss": 0.06807283860395479,
                    "MRE": 0.7554926066068204,
                    "MAE": 0.44905956270519265,
                    "RMSE": 470.01688330598694,
                    "train_loss": 0.09214208275079727
                },
                "step": 0,
                "duration": 0.016035225
            },
            {
                "metrics": {
                    "eval_loss": 0.01456518989214745,
                    "MRE": 0.08508937461766367,
                    "MAE": 0.10015796592300621,
                    "RMSE": 182.57102960992694,
                    "train_loss": 0.008740407414734364
                },
                "step": 5000,
                "duration": 19.032838339
            },
            {
                "metrics": {
                    "eval_loss": 0.012574778755714692,
                    "MRE": 0.0865637269898147,
                    "MAE": 0.0900738005830035,
                    "RMSE": 139.20936183464846,
                    "train_loss": 0.009396472945809364
                },
                "step": 10000,
                "duration": 38.071325094
            },
            {
                "metrics": {
                    "eval_loss": 0.010858285143841033,
                    "MRE": 0.0753402041014572,
                    "MAE": 0.06680623213127325,
                    "RMSE": 109.29891080643002,
                    "train_loss": 0.012338648550212383
                },
                "step": 15000,
                "duration": 56.845069732
            },
            {
                "metrics": {
                    "eval_loss": 0.009806992033595646,
                    "MRE": 0.07456337457502903,
                    "MAE": 0.0597073970632406,
                    "RMSE": 81.91975531256394,
                    "train_loss": 0.008778475224971771
                },
                "step": 20000,
                "duration": 75.796273445
            },
            {
                "metrics": {
                    "eval_loss": 0.009052726798160883,
                    "MRE": 0.07236314603904885,
                    "MAE": 0.061031812163101114,
                    "RMSE": 91.03276701012263,
                    "train_loss": 0.0071993544697761536
                },
                "step": 25000,
                "duration": 94.893931671
            },
            {
                "metrics": {
                    "eval_loss": 0.008668815781114638,
                    "MRE": 0.07544648142355072,
                    "MAE": 0.0586823704128694,
                    "RMSE": 81.6889518883573,
                    "train_loss": 0.007204963825643063
                },
                "step": 30000,
                "duration": 116.228634207
            },
            {
                "metrics": {
                    "eval_loss": 0.007775981884809685,
                    "MRE": 0.0667384184340871,
                    "MAE": 0.046875151860171216,
                    "RMSE": 64.69230101005003,
                    "train_loss": 0.006341545842587948
                },
                "step": 35000,
                "duration": 135.135793119
            },
            {
                "metrics": {
                    "eval_loss": 0.007635190098150752,
                    "MRE": 0.06951614360043752,
                    "MAE": 0.048682271014186006,
                    "RMSE": 65.47635326280803,
                    "train_loss": 0.005474593956023455
                },
                "step": 40000,
                "duration": 154.163320968
            },
            {
                "metrics": {
                    "eval_loss": 0.007559053835605243,
                    "MRE": 0.06767311013881065,
                    "MAE": 0.054479757891765485,
                    "RMSE": 85.7085166290056,
                    "train_loss": 0.005001470912247896
                },
                "step": 45000,
                "duration": 173.215799251
            },
            {
                "metrics": {
                    "eval_loss": 0.007063516305418342,
                    "MRE": 0.0727753613566422,
                    "MAE": 0.05004535366410397,
                    "RMSE": 54.76412511759055,
                    "train_loss": 0.006268775090575218
                },
                "step": 50000,
                "duration": 192.041314231
            },
            {
                "metrics": {
                    "eval_loss": 0.006999910901249399,
                    "MRE": 0.06431519288414955,
                    "MAE": 0.052205256990273986,
                    "RMSE": 68.21923200564304,
                    "train_loss": 0.005902692675590515
                },
                "step": 55000,
                "duration": 211.04649085
            },
            {
                "metrics": {
                    "eval_loss": 0.006699451864065836,
                    "MRE": 0.06353354384524633,
                    "MAE": 0.04618092336271775,
                    "RMSE": 60.592201264413134,
                    "train_loss": 0.018372729420661926
                },
                "step": 60000,
                "duration": 229.882564079
            },
            {
                "metrics": {
                    "eval_loss": 0.006679452640716644,
                    "MRE": 0.06232422006044469,
                    "MAE": 0.04852934785498439,
                    "RMSE": 61.074582349675794,
                    "train_loss": 0.004781005904078484
                },
                "step": 65000,
                "duration": 248.77035309
            },
            {
                "metrics": {
                    "eval_loss": 0.006692966096439039,
                    "MRE": 0.06398481104409219,
                    "MAE": 0.05058574919818345,
                    "RMSE": 61.96713011699725,
                    "train_loss": 0.006788456812500954
                },
                "step": 70000,
                "duration": 267.84699612
            },
            {
                "metrics": {
                    "eval_loss": 0.006305520432433137,
                    "MRE": 0.0606997212132264,
                    "MAE": 0.04276571583213485,
                    "RMSE": 49.415258165046794,
                    "train_loss": 0.006139329634606838
                },
                "step": 75000,
                "duration": 286.763160953
            },
            {
                "metrics": {
                    "eval_loss": 0.006443018220541308,
                    "MRE": 0.059250078138312276,
                    "MAE": 0.03836618937755781,
                    "RMSE": 44.06924518389956,
                    "train_loss": 0.00482387887313962
                },
                "step": 80000,