{
    "train_config": {
        "model": "LSTM",
        "dataset_environment_str": "RTX2080Ti_CPUALL",
        "meta_dataset_environment_strs": [
            "RTX2080Ti_CPUALL"
        ],
        "dataset_subgraph_node_size": 12,
        "dataset_subgraph_step": 6,
        "all_seed": 42,
        "dataset_params": {
            "duration_summed": false
        },
        "model_params": {
            "num_layers": 4,
            "bidirectional": true
        },
        "dataset_dummy": true,
        "batch_size": 128,
        "eval_steps": 5000,
        "learning_rate": 0.001,
        "epochs": 100,
        "optimizer": "Adam",
        "meta_configs": {
            "learning_rate": 0.005,
            "meta_learning_rate": 0.001,
            "meta_train_steps": 1000,
            "meta_task_per_step": 8,
            "meta_fast_adaption_step": 5,
            "meta_dataset_train_environment_strs": [
                "RTX2080Ti_CPUALL"
            ],
            "meta_dataset_eval_environment_strs": [
                "RTX2080Ti_CPUALL"
            ]
        }
    },
    "train_records": {
        "loss": [],
        "eval_metrics": [
            {
                "metrics": {
                    "eval_loss": 0.08628486443597537,
                    "MRE": 0.6127443536549453,
                    "MAE": 0.5142946083310049,
                    "RMSE": 480.5333850180707,
                    "train_loss": 0.10155749320983887
                },
                "step": 0,
                "duration": 0.012541563
            },
            {
                "metrics": {
                    "eval_loss": 0.013119781796838372,
                    "MRE": 0.07757365208789321,
                    "MAE": 0.09185569265508567,
                    "RMSE": 184.9969752886986,
                    "train_loss": 0.018644485622644424
                },
                "step": 5000,
                "duration": 18.519954076
            },
            {
                "metrics": {
                    "eval_loss": 0.010950550315185235,
                    "MRE": 0.07225716231378415,
                    "MAE": 0.07584020015450325,
                    "RMSE": 138.37098972146154,
                    "train_loss": 0.006176850758492947
                },
                "step": 10000,
                "duration": 37.062488787
            },
            {
                "metrics": {
                    "eval_loss": 0.010013373715068715,
                    "MRE": 0.05769488116994084,
                    "MAE": 0.058408358154022184,
                    "RMSE": 104.79683790632116,
                    "train_loss": 0.007087660953402519
                },
                "step": 15000,
                "duration": 55.640765655
            },
            {
                "metrics": {
                    "eval_loss": 0.008580905580087207,
                    "MRE": 0.06181277315210358,
                    "MAE": 0.05470884858809008,
                    "RMSE": 93.80313427870807,
                    "train_loss": 0.007660286035388708
                },
                "step": 20000,
                "duration": 74.245477476
            },
            {
                "metrics": {
                    "eval_loss": 0.007901566158174179,
                    "MRE": 0.06534604116444348,
                    "MAE": 0.056981258759381946,
                    "RMSE": 86.25047717252266,
                    "train_loss": 0.006426234729588032
                },
                "step": 25000,
                "duration": 92.741809684
            },
            {
                "metrics": {
                    "eval_loss": 0.007260213307857227,
                    "MRE": 0.06344743369322627,
                    "MAE": 0.049952334973124624,
                    "RMSE": 69.2670079037228,
                    "train_loss": 0.006221598945558071
                },
                "step": 30000,
                "duration": 111.031980468
            },
            {
                "metrics": {
                    "eval_loss": 0.006844721412814509,
                    "MRE": 0.05659934659690566,
                    "MAE": 0.046902192968607925,
                    "RMSE": 64.50409248833026,
                    "train_loss": 0.004915408790111542
                },
                "step": 35000,
                "duration": 129.268001226
            },
            {
                "metrics": {
                    "eval_loss": 0.006577313048182987,
                    "MRE": 0.0551351461503882,
                    "MAE": 0.043829256681768985,
                    "RMSE": 63.278669395452106,
                    "train_loss": 0.005544300656765699
                },
                "step": 40000,
                "duration": 149.948917226
            },
            {
                "metrics": {
                    "eval_loss": 0.00621992426928885,
                    "MRE": 0.057655481721348635,
                    "MAE": 0.04367970036162383,
                    "RMSE": 55.41454266069888,
                    "train_loss": 0.0067298030480742455
                },
                "step": 45000,
                "duration": 168.528206766
            },
            {
                "metrics": {
                    "eval_loss": 0.006201216397815957,
                    "MRE": 0.05441146729965987,
                    "MAE": 0.04250845561733751,
                    "RMSE": 56.222911764631874,
                    "train_loss": 0.005436192266643047
                },
                "step": 50000,
                "duration": 186.778848509
            },
            {
                "metrics": {
                    "eval_loss": 0.005910450145333575,
                    "MRE": 0.05023642768392136,
                    "MAE": 0.040568687744182756,
                    "RMSE": 54.91172107767709,
                    "train_loss": 0.005371325649321079
                },
                "step": 55000,
                "duration": 205.186921745
            },
            {
                "metrics": {
                    "eval_loss": 0.005837448510171201,
                    "MRE": 0.05116967904702563,
                    "MAE": 0.03942168858813177,
                    "RMSE": 50.07451208070014,
                    "train_loss": 0.005347046535462141
                },
                "step": 60000,
                "duration": 223.378403122
            },
            {
                "metrics": {
                    "eval_loss": 0.005398981858609029,
                    "MRE": 0.053070971722353005,
                    "MAE": 0.040088835055189585,
                    "RMSE": 46.75173023090038,
                    "train_loss": 0.004379644989967346
                },
                "step": 65000,
                "duration": 242.051495496
            },
            {
                "metrics": {
                    "eval_loss": 0.0054207205434347715,
                    "MRE": 0.05209902822958974,
                    "MAE": 0.042468872957730094,
                    "RMSE": 55.18496113310042,
                    "train_loss": 0.0042333113960921764
                },
                "step": 70000,
                "duration": 260.662693473
            },
            {
                "metrics": {
                    "eval_loss": 0.005105394682435032,
                    "MRE": 0.044016893308509934,
                    "MAE": 0.033064579383914695,
                    "RMSE": 42.87076256905981,
                    "train_loss": 0.0043510496616363525
                },
                "step": 75000,
                "duration": 279.115462458
            },
            {
                "metrics": {
                    "eval_loss": 0.005382203458485981,
                    "MRE": 0.05298759015161922,
                    "MAE": 0.03849056032476692,
                    "RMSE": 43.456172997103835,
                    "train_loss": 0.005242613609880209
                },
                "step": 80000,