{
    "train_config": {
        "model": "LSTM",
        "dataset_environment_str": "RTX2080Ti_CPUALL",
        "meta_dataset_environment_strs": [
            "RTX2080Ti_CPUALL"
        ],
        "dataset_subgraph_node_size": 12,
        "dataset_subgraph_step": 9,
        "all_seed": 42,
        "dataset_params": {
            "duration_summed": false
        },
        "model_params": {
            "num_layers": 4,
            "bidirectional": true
        },
        "dataset_dummy": true,
        "batch_size": 128,
        "eval_steps": 5000,
        "learning_rate": 0.001,
        "epochs": 100,
        "optimizer": "Adam",
        "meta_configs": {
            "learning_rate": 0.005,
            "meta_learning_rate": 0.001,
            "meta_train_steps": 1000,
            "meta_task_per_step": 8,
            "meta_fast_adaption_step": 5,
            "meta_dataset_train_environment_strs": [
                "RTX2080Ti_CPUALL"
            ],
            "meta_dataset_eval_environment_strs": [
                "RTX2080Ti_CPUALL"
            ]
        }
    },
    "train_records": {
        "loss": [],
        "eval_metrics": [
            {
                "metrics": {
                    "eval_loss": 0.07972866425226474,
                    "MRE": 0.9719698384816404,
                    "MAE": 0.5123627737966133,
                    "RMSE": 488.3408082345871,
                    "train_loss": 0.08495661616325378
                },
                "step": 0,
                "duration": 0.01115194
            },
            {
                "metrics": {
                    "eval_loss": 0.013968405210755595,
                    "MRE": 0.07760539868762382,
                    "MAE": 0.09827646008170787,
                    "RMSE": 195.06447066363717,
                    "train_loss": 0.007556683383882046
                },
                "step": 5000,
                "duration": 20.267487721
            },
            {
                "metrics": {
                    "eval_loss": 0.011332986214005485,
                    "MRE": 0.06519815159010191,
                    "MAE": 0.06518261677776653,
                    "RMSE": 117.67564931235559,
                    "train_loss": 0.008213357999920845
                },
                "step": 10000,
                "duration": 40.270252073
            },
            {
                "metrics": {
                    "eval_loss": 0.009894137225922027,
                    "MRE": 0.059223765986739806,
                    "MAE": 0.052800552135660955,
                    "RMSE": 88.79681294714416,
                    "train_loss": 0.0066559650003910065
                },
                "step": 15000,
                "duration": 60.738140302
            },
            {
                "metrics": {
                    "eval_loss": 0.009353011564870804,
                    "MRE": 0.06043619658076026,
                    "MAE": 0.05405523202184186,
                    "RMSE": 76.27158081904355,
                    "train_loss": 0.006628371309489012
                },
                "step": 20000,
                "duration": 80.822649461
            },
            {
                "metrics": {
                    "eval_loss": 0.007898548993298077,
                    "MRE": 0.053527915386605764,
                    "MAE": 0.04924038789525883,
                    "RMSE": 70.76187987613456,
                    "train_loss": 0.007081757765263319
                },
                "step": 25000,
                "duration": 103.328917205
            },
            {
                "metrics": {
                    "eval_loss": 0.00769935105458951,
                    "MRE": 0.06067973475501753,
                    "MAE": 0.04762188267588285,
                    "RMSE": 62.001342464629786,
                    "train_loss": 0.006710190325975418
                },
                "step": 30000,
                "duration": 124.065003133
            },
            {
                "metrics": {
                    "eval_loss": 0.007432120601946338,
                    "MRE": 0.05535479748693672,
                    "MAE": 0.04674191006225933,
                    "RMSE": 66.11212188338834,
                    "train_loss": 0.0065892837010324
                },
                "step": 35000,
                "duration": 144.23829372
            },
            {
                "metrics": {
                    "eval_loss": 0.006827453073735039,
                    "MRE": 0.052355066758680756,
                    "MAE": 0.041553254758444014,
                    "RMSE": 58.10446372986202,
                    "train_loss": 0.008673085831105709
                },
                "step": 40000,
                "duration": 164.576073093
            },
            {
                "metrics": {
                    "eval_loss": 0.006841447177589282,
                    "MRE": 0.050505933210139374,
                    "MAE": 0.04264237470330292,
                    "RMSE": 57.51671282360624,
                    "train_loss": 0.005565895698964596
                },
                "step": 45000,
                "duration": 185.179170306
            },
            {
                "metrics": {
                    "eval_loss": 0.0064147821187320025,
                    "MRE": 0.05420248499336545,
                    "MAE": 0.043252385850201476,
                    "RMSE": 51.76224027059355,
                    "train_loss": 0.005058954935520887
                },
                "step": 50000,
                "duration": 206.113731606
            },
            {
                "metrics": {
                    "eval_loss": 0.00622391387359935,
                    "MRE": 0.046429382956879574,
                    "MAE": 0.03711033695948986,
                    "RMSE": 53.88166896666761,
                    "train_loss": 0.006054134573787451
                },
                "step": 55000,
                "duration": 226.613623771
            },
            {
                "metrics": {
                    "eval_loss": 0.0059361048678375095,
                    "MRE": 0.048675146135028054,
                    "MAE": 0.03948796243369368,
                    "RMSE": 47.661842091071605,
                    "train_loss": 0.006263919174671173
                },
                "step": 60000,
                "duration": 247.013806586
            },
            {
                "metrics": {
                    "eval_loss": 0.005776842783108868,
                    "MRE": 0.048341817890060354,
                    "MAE": 0.03809528324285292,
                    "RMSE": 46.937183257001465,
                    "train_loss": 0.0049912938848137856
                },
                "step": 65000,
                "duration": 267.117662706
            },
            {
                "metrics": {
                    "eval_loss": 0.005538776723651922,
                    "MRE": 0.045589135100116196,
                    "MAE": 0.036122499890917266,
                    "RMSE": 42.22384067482096,
                    "train_loss": 0.004724057391285896
                },
                "step": 70000,
                "duration": 287.402310423
            },
            {
                "metrics": {
                    "eval_loss": 0.005580329072618878,
                    "MRE": 0.04618110715779796,
                    "MAE": 0.035232731973683824,
                    "RMSE": 37.01643537402226,
                    "train_loss": 0.005485388915985823
                },
                "step": 75000,
                "duration": 309.089581637
            },
            {
                "metrics": {
                    "eval_loss": 0.005381731799503939,
                    "MRE": 0.04303468039146798,
                    "MAE": 0.03323321597524043,
                    "RMSE": 38.08400734588342,
                    "train_loss": 0.005009462125599384
                },
                "step": 80000,