{
  "JCT": {
    "ali": {
      "SRTF_100": 2286903.48387731,
      "SRTF_90": 2409434.498820291,
      "SRTF_75": 2622239.294730633,
      "SRTF_50": 2799146.6869838773,
      "SRTF_25": 3033395.9785686196,
      "FIFO": 3613767.287455761
    },
    "phi": {
      "SRTF_100": 5517430.18323427,
      "SRTF_90": 5736621.620004099,
      "SRTF_75": 6148247.347407255,
      "SRTF_50": 6595525.934822709,
      "SRTF_25": 6992797.461160074,
      "FIFO": 7054801.096331215
    }
  },
  "tardiness": {
    "ali": {
      "EDF_100": 2614358.457921746,
      "EDF_90": 2618441.2764431774,
      "EDF_75": 2649355.2988576484,
      "EDF_50": 2760038.904048368,
      "EDF_25": 2932771.8254187964,
      "FIFO": 3598716.2426445144
    },
    "phi": {
      "EDF_100": 5958570.385423242,
      "EDF_90": 5962403.99989342,
      "EDF_75": 6087270.633424883,
      "EDF_50": 6222478.046419349,
      "EDF_25": 6473542.246255381,
      "FIFO": 7227751.515593359
    }
  }
}
