{
  "JCT": {
    "ali": {
      "optimum": 2286903.48387731,
      "ETS": 2409434.498820291,
      "Habitat": 2799146.6869838773,
      "Driple": 2622239.294730633
    },
    "phi": {
      "optimum": 5517430.18323427,
      "ETS": 5736621.620004099,
      "Habitat": 6348247.347407255,
      "Driple": 6395525.934822709
    }
  },
  "tardiness": {
    "ali": {
      "optimum": 2614358.457921746,
      "ETS": 2698441.2764431774,
      "Habitat": 2899355.2988576484,
      "Driple": 2860038.904048368
    },
    "phi": {
      "optimum": 5958570.385423242,
      "ETS": 6192403.99989342,
      "Habitat": 6957270.633424883,
      "Driple": 6622478.046419349
    }
  }
}
