{
    "train_config": {
        "model": "LSTM",
        "dataset_environment_str": "RTX2080Ti_CPUALL",
        "meta_dataset_environment_strs": [
            "RTX2080Ti_CPUALL"
        ],
        "dataset_subgraph_node_size": 6,
        "dataset_subgraph_step": 6,
        "all_seed": 42,
        "dataset_params": {
            "duration_summed": false
        },
        "model_params": {
            "num_layers": 4,
            "bidirectional": true
        },
        "dataset_dummy": true,
        "batch_size": 128,
        "eval_steps": 5000,
        "learning_rate": 0.001,
        "epochs": 100,
        "optimizer": "Adam",
        "meta_configs": {
            "learning_rate": 0.005,
            "meta_learning_rate": 0.001,
            "meta_train_steps": 1000,
            "meta_task_per_step": 8,
            "meta_fast_adaption_step": 5,
            "meta_dataset_train_environment_strs": [
                "RTX2080Ti_CPUALL"
            ],
            "meta_dataset_eval_environment_strs": [
                "RTX2080Ti_CPUALL"
            ]
        }
    },
    "train_records": {
        "loss": [],
        "eval_metrics": [
            {
                "metrics": {
                    "eval_loss": 0.09388690493230162,
                    "MRE": 1.369753820737666,
                    "MAE": 0.7355519317646005,
                    "RMSE": 549.1282843390394,
                    "train_loss": 0.11439977586269379
                },
                "step": 0,
                "duration": 0.012443128
            },
            {
                "metrics": {
                    "eval_loss": 0.015752669577254873,
                    "MRE": 0.09084750642367494,
                    "MAE": 0.09689177866724086,
                    "RMSE": 197.53807437328285,
                    "train_loss": 0.016440747305750847
                },
                "step": 5000,
                "duration": 17.460407158
            },
            {
                "metrics": {
                    "eval_loss": 0.01338662682020844,
                    "MRE": 0.08186732388717126,
                    "MAE": 0.08187526962137891,
                    "RMSE": 152.9477487950243,
                    "train_loss": 0.013869484886527061
                },
                "step": 10000,
                "duration": 34.757998369
            },
            {
                "metrics": {
                    "eval_loss": 0.011858397406094148,
                    "MRE": 0.08586462569007867,
                    "MAE": 0.07133660488653769,
                    "RMSE": 107.85055100928116,
                    "train_loss": 0.009782517328858376
                },
                "step": 15000,
                "duration": 51.916026444
            },
            {
                "metrics": {
                    "eval_loss": 0.01036817737153849,
                    "MRE": 0.08029566981797792,
                    "MAE": 0.06594926878267614,
                    "RMSE": 98.56906129342096,
                    "train_loss": 0.010590489022433758
                },
                "step": 20000,
                "duration": 69.203583243
            },
            {
                "metrics": {
                    "eval_loss": 0.009730715686642704,
                    "MRE": 0.09040232115620074,
                    "MAE": 0.07000142075517077,
                    "RMSE": 89.5849752444414,
                    "train_loss": 0.1707720160484314
                },
                "step": 25000,
                "duration": 86.382030548
            },
            {
                "metrics": {
                    "eval_loss": 0.009003271528861354,
                    "MRE": 0.08280187623875385,
                    "MAE": 0.06284233543620638,
                    "RMSE": 71.54696395719613,
                    "train_loss": 0.009763702750205994
                },
                "step": 30000,
                "duration": 103.51748384
            },
            {
                "metrics": {
                    "eval_loss": 0.008393705222051826,
                    "MRE": 0.08250835330736309,
                    "MAE": 0.05817627708504282,
                    "RMSE": 80.26356437215122,
                    "train_loss": 0.004972968250513077
                },
                "step": 35000,
                "duration": 120.782462172
            },
            {
                "metrics": {
                    "eval_loss": 0.008037209995421029,
                    "MRE": 0.07645077895327806,
                    "MAE": 0.05182839210905322,
                    "RMSE": 63.13089026313925,
                    "train_loss": 0.0075303311459720135
                },
                "step": 40000,
                "duration": 138.001763332
            },
            {
                "metrics": {
                    "eval_loss": 0.008141278415932623,
                    "MRE": 0.07157407817848206,
                    "MAE": 0.05533731833168081,
                    "RMSE": 72.76857147476167,
                    "train_loss": 0.005712802521884441
                },
                "step": 45000,
                "duration": 155.156254135
            },
            {
                "metrics": {
                    "eval_loss": 0.007798084117524804,
                    "MRE": 0.07283922217373441,
                    "MAE": 0.05783512042913665,
                    "RMSE": 69.94214706634413,
                    "train_loss": 0.006912349723279476
                },
                "step": 50000,
                "duration": 172.49908331
            },
            {
                "metrics": {
                    "eval_loss": 0.0074673590887698316,
                    "MRE": 0.07442195755987323,
                    "MAE": 0.04897508683666438,
                    "RMSE": 63.01754043096746,
                    "train_loss": 0.008743250742554665
                },
                "step": 55000,
                "duration": 190.129030241
            },
            {
                "metrics": {
                    "eval_loss": 0.00717131234253837,
                    "MRE": 0.06841463638799536,
                    "MAE": 0.048869868667445616,
                    "RMSE": 57.79566208863794,
                    "train_loss": 0.007339005824178457
                },
                "step": 60000,
                "duration": 207.536849742
            },
            {
                "metrics": {
                    "eval_loss": 0.00695008053558065,
                    "MRE": 0.07349830485647854,
                    "MAE": 0.04961745192320946,
                    "RMSE": 61.109427527149094,
                    "train_loss": 0.004578461404889822
                },
                "step": 65000,
                "duration": 227.066010514
            },
            {
                "metrics": {
                    "eval_loss": 0.0069398119347839045,
                    "MRE": 0.0716759264570693,
                    "MAE": 0.04735470545720828,
                    "RMSE": 52.58367553457744,
                    "train_loss": 0.006142685189843178
                },
                "step": 70000,
                "duration": 244.51245913
            },
            {
                "metrics": {
                    "eval_loss": 0.0063731609013487345,
                    "MRE": 0.06627653358547028,
                    "MAE": 0.043457888956239046,
                    "RMSE": 55.693956045399716,
                    "train_loss": 0.008173605427145958
                },
                "step": 75000,
                "duration": 261.866255389
            },
            {
                "metrics": {
                    "eval_loss": 0.00679069134126635,
                    "MRE": 0.06764280172050491,
                    "MAE": 0.0480331248794675,
                    "RMSE": 59.339614504604874,
                    "train_loss": 0.006133008282631636
                },
                "step": 80000,