{
    "train_config": {
        "model": "LSTM",
        "dataset_environment_str": "RTX2080Ti_CPUALL",
        "meta_dataset_environment_strs": [
            "RTX2080Ti_CPUALL"
        ],
        "dataset_subgraph_node_size": 12,
        "dataset_subgraph_step": 6,
        "all_seed": 42,
        "dataset_params": {
            "duration_summed": false
        },
        "model_params": {
            "num_layers": 4,
            "bidirectional": true
        },
        "dataset_dummy": true,
        "batch_size": 128,
        "eval_steps": 5000,
        "learning_rate": 0.001,
        "epochs": 100,
        "optimizer": "Adam",
        "meta_configs": {
            "learning_rate": 0.005,
            "meta_learning_rate": 0.001,
            "meta_train_steps": 1000,
            "meta_task_per_step": 8,
            "meta_fast_adaption_step": 5,
            "meta_dataset_train_environment_strs": [
                "RTX2080Ti_CPUALL"
            ],
            "meta_dataset_eval_environment_strs": [
                "RTX2080Ti_CPUALL"
            ]
        }
    },
    "train_records": {
        "loss": [],
        "eval_metrics": [
            {
                "metrics": {
                    "eval_loss": 0.06377267891970964,
                    "MRE": 0.6315347543699313,
                    "MAE": 0.7627270716310518,
                    "RMSE": 617.0857075360416,
                    "train_loss": 0.0774172991514206
                },
                "step": 0,
                "duration": 0.01420122
            },
            {
                "metrics": {
                    "eval_loss": 0.013040471745010178,
                    "MRE": 0.08698199096439636,
                    "MAE": 0.09784241031193079,
                    "RMSE": 184.75107072993595,
                    "train_loss": 0.009754471480846405
                },
                "step": 5000,
                "duration": 20.316797559
            },
            {
                "metrics": {
                    "eval_loss": 0.011588853884649534,
                    "MRE": 0.07284622593413008,
                    "MAE": 0.07492549220075864,
                    "RMSE": 134.93636326202932,
                    "train_loss": 0.008228719234466553
                },
                "step": 10000,
                "duration": 40.45185657
            },
            {
                "metrics": {
                    "eval_loss": 0.009689761036021921,
                    "MRE": 0.061223162762428056,
                    "MAE": 0.06095494963547974,
                    "RMSE": 92.92748261566608,
                    "train_loss": 0.00654203724116087
                },
                "step": 15000,
                "duration": 60.923582961
            },
            {
                "metrics": {
                    "eval_loss": 0.008905871865975384,
                    "MRE": 0.06194464476070823,
                    "MAE": 0.05011770695408835,
                    "RMSE": 73.15284180673537,
                    "train_loss": 0.00661534583196044
                },
                "step": 20000,
                "duration": 81.060834647
            },
            {
                "metrics": {
                    "eval_loss": 0.008039918824663171,
                    "MRE": 0.05979751598673791,
                    "MAE": 0.059360740038461056,
                    "RMSE": 90.86000809238841,
                    "train_loss": 0.004590646829456091
                },
                "step": 25000,
                "duration": 101.302867479
            },
            {
                "metrics": {
                    "eval_loss": 0.00713477333371814,
                    "MRE": 0.05942952144572735,
                    "MAE": 0.053333608726844034,
                    "RMSE": 72.99657973177165,
                    "train_loss": 0.006356573663651943
                },
                "step": 30000,
                "duration": 121.852031833
            },
            {
                "metrics": {
                    "eval_loss": 0.006811017354798074,
                    "MRE": 0.057107417392439457,
                    "MAE": 0.047863578917366915,
                    "RMSE": 64.38940514009163,
                    "train_loss": 0.006439328193664551
                },
                "step": 35000,
                "duration": 141.951219297
            },
            {
                "metrics": {
                    "eval_loss": 0.006503329483138469,
                    "MRE": 0.051532677698803944,
                    "MAE": 0.04244730095908927,
                    "RMSE": 55.15726426322606,
                    "train_loss": 0.00510295620188117
                },
                "step": 40000,
                "duration": 163.889292138
            },
            {
                "metrics": {
                    "eval_loss": 0.00631692594436642,
                    "MRE": 0.05208872989494011,
                    "MAE": 0.04217172885758572,
                    "RMSE": 56.52763039407603,
                    "train_loss": 0.0069825551472604275
                },
                "step": 45000,
                "duration": 184.103713943
            },
            {
                "metrics": {
                    "eval_loss": 0.006571309826596497,
                    "MRE": 0.05378876697711834,
                    "MAE": 0.04777439303278226,
                    "RMSE": 64.20298383217136,
                    "train_loss": 0.006073410622775555
                },
                "step": 50000,
                "duration": 204.513837729
            },
            {
                "metrics": {
                    "eval_loss": 0.006001970969149484,
                    "MRE": 0.054086392776494886,
                    "MAE": 0.04568466158687658,
                    "RMSE": 54.09608908004364,
                    "train_loss": 0.0057178824208676815
                },
                "step": 55000,
                "duration": 224.859269945
            },
            {
                "metrics": {
                    "eval_loss": 0.005618231459699858,
                    "MRE": 0.04988255210854966,
                    "MAE": 0.039655424522301606,
                    "RMSE": 51.35592094617271,
                    "train_loss": 0.0051523055881261826
                },
                "step": 60000,
                "duration": 245.477358939
            },
            {
                "metrics": {
                    "eval_loss": 0.005775716928809953,
                    "MRE": 0.048907456818968624,
                    "MAE": 0.0381117772360249,
                    "RMSE": 46.28112296036568,
                    "train_loss": 0.006043875589966774
                },
                "step": 65000,
                "duration": 265.744214759
            },
            {
                "metrics": {
                    "eval_loss": 0.0057204411862095675,
                    "MRE": 0.05307530735362174,
                    "MAE": 0.04384817802662694,
                    "RMSE": 54.9226878334066,
                    "train_loss": 0.0046788351610302925
                },
                "step": 70000,
                "duration": 285.985022535
            },
            {
                "metrics": {
                    "eval_loss": 0.0052788954261744105,
                    "MRE": 0.047721520679201275,
                    "MAE": 0.037202456320553884,
                    "RMSE": 41.14324789134029,
                    "train_loss": 0.004727272316813469
                },
                "step": 75000,
                "duration": 305.843448393
            },
            {
                "metrics": {
                    "eval_loss": 0.005331258055342075,
                    "MRE": 0.047636156720052544,
                    "MAE": 0.03571602931053591,
                    "RMSE": 47.48589392102634,
                    "train_loss": 0.00452127680182457
                },
                "step": 80000,