{
    "train_config": {
        "model": "LSTM",
        "dataset_environment_str": "RTX2080Ti_CPUALL",
        "meta_dataset_environment_strs": [
            "RTX2080Ti_CPUALL"
        ],
        "dataset_subgraph_node_size": 12,
        "dataset_subgraph_step": 7,
        "all_seed": 42,
        "dataset_params": {
            "duration_summed": false
        },
        "model_params": {
            "num_layers": 4,
            "bidirectional": true
        },
        "dataset_dummy": true,
        "batch_size": 128,
        "eval_steps": 5000,
        "learning_rate": 0.001,
        "epochs": 100,
        "optimizer": "Adam",
        "meta_configs": {
            "learning_rate": 0.005,
            "meta_learning_rate": 0.001,
            "meta_train_steps": 1000,
            "meta_task_per_step": 8,
            "meta_fast_adaption_step": 5,
            "meta_dataset_train_environment_strs": [
                "RTX2080Ti_CPUALL"
            ],
            "meta_dataset_eval_environment_strs": [
                "RTX2080Ti_CPUALL"
            ]
        }
    },
    "train_records": {
        "loss": [],
        "eval_metrics": [
            {
                "metrics": {
                    "eval_loss": 0.06361864242769245,
                    "MRE": 0.6752414200171484,
                    "MAE": 0.4910156206189761,
                    "RMSE": 472.7172694252131,
                    "train_loss": 0.10782834142446518
                },
                "step": 0,
                "duration": 0.009215488
            },
            {
                "metrics": {
                    "eval_loss": 0.012939672968579024,
                    "MRE": 0.08881164181056782,
                    "MAE": 0.09681756510950543,
                    "RMSE": 185.1375389219785,
                    "train_loss": 0.009879604913294315
                },
                "step": 5000,
                "duration": 20.026457681
            },
            {
                "metrics": {
                    "eval_loss": 0.010380068117228802,
                    "MRE": 0.07118180165861007,
                    "MAE": 0.0692409619288313,
                    "RMSE": 117.25807299290673,
                    "train_loss": 0.007887258194386959
                },
                "step": 10000,
                "duration": 39.799705677
            },
            {
                "metrics": {
                    "eval_loss": 0.009431123533951384,
                    "MRE": 0.07074542639491156,
                    "MAE": 0.06881157159737758,
                    "RMSE": 101.07919191298856,
                    "train_loss": 0.008169149048626423
                },
                "step": 15000,
                "duration": 60.30859092
            },
            {
                "metrics": {
                    "eval_loss": 0.008754181650666786,
                    "MRE": 0.07020770266950244,
                    "MAE": 0.05910947823225837,
                    "RMSE": 77.84147068440903,
                    "train_loss": 0.006168914493173361
                },
                "step": 20000,
                "duration": 81.631976506
            },
            {
                "metrics": {
                    "eval_loss": 0.0073428858429126975,
                    "MRE": 0.059170013491001185,
                    "MAE": 0.045373246516033555,
                    "RMSE": 67.58173742418403,
                    "train_loss": 0.010294081643223763
                },
                "step": 25000,
                "duration": 99.810458234
            },
            {
                "metrics": {
                    "eval_loss": 0.007485455814405993,
                    "MRE": 0.06203722824998281,
                    "MAE": 0.05755710880448881,
                    "RMSE": 85.11586002730557,
                    "train_loss": 0.004815614782273769
                },
                "step": 30000,
                "duration": 117.914014265
            },
            {
                "metrics": {
                    "eval_loss": 0.006531093218914715,
                    "MRE": 0.056541708414295996,
                    "MAE": 0.047328928083537225,
                    "RMSE": 63.84529639421055,
                    "train_loss": 0.004917164333164692
                },
                "step": 35000,
                "duration": 137.940685339
            },
            {
                "metrics": {
                    "eval_loss": 0.006102320283129562,
                    "MRE": 0.052396076795666296,
                    "MAE": 0.043488431201454535,
                    "RMSE": 56.59715693086366,
                    "train_loss": 0.004367209039628506
                },
                "step": 40000,
                "duration": 157.233500125
            },
            {
                "metrics": {
                    "eval_loss": 0.006304779554089431,
                    "MRE": 0.05682992178437239,
                    "MAE": 0.04927754152056721,
                    "RMSE": 63.823871148809594,
                    "train_loss": 0.005305761005729437
                },
                "step": 45000,
                "duration": 176.431891841
            },
            {
                "metrics": {
                    "eval_loss": 0.005727767650439221,
                    "MRE": 0.05640095867796207,
                    "MAE": 0.04098085717605243,
                    "RMSE": 54.862115512831764,
                    "train_loss": 0.003983901347965002
                },
                "step": 50000,
                "duration": 197.203567779
            },
            {
                "metrics": {
                    "eval_loss": 0.005624085638243871,
                    "MRE": 0.05266677619504136,
                    "MAE": 0.04136114345061051,
                    "RMSE": 50.64684044096121,
                    "train_loss": 0.004173662513494492
                },
                "step": 55000,
                "duration": 219.281749103
            },
            {
                "metrics": {
                    "eval_loss": 0.006036186554151105,
                    "MRE": 0.06329183659801287,
                    "MAE": 0.04912683938594317,
                    "RMSE": 55.01206266742726,
                    "train_loss": 0.005693892948329449
                },
                "step": 60000,
                "duration": 240.368527842
            },
            {
                "metrics": {
                    "eval_loss": 0.0054896303861044415,
                    "MRE": 0.050819690570427074,
                    "MAE": 0.04094943157975706,
                    "RMSE": 47.362849053873255,
                    "train_loss": 0.004440044052898884
                },
                "step": 65000,
                "duration": 261.844453304
            },
            {
                "metrics": {
                    "eval_loss": 0.005338365480513728,
                    "MRE": 0.04852399722894808,
                    "MAE": 0.03609675700884634,
                    "RMSE": 43.723480235422024,
                    "train_loss": 0.005883372388780117
                },
                "step": 70000,
                "duration": 284.861593084
            },
            {
                "metrics": {
                    "eval_loss": 0.005044991331357908,
                    "MRE": 0.0492434546051317,
                    "MAE": 0.037707506205693284,
                    "RMSE": 44.45727802526116,
                    "train_loss": 0.004344915971159935
                },
                "step": 75000,
                "duration": 305.858689388
            },
            {
                "metrics": {
                    "eval_loss": 0.0049363202581714305,
                    "MRE": 0.04994756973924065,
                    "MAE": 0.03858179298359453,
                    "RMSE": 40.84899936560586,
                    "train_loss": 0.004112688358873129
                },
                "step": 80000,