{
    "train_config": {
        "model": "LSTM",
        "dataset_environment_str": "RTX2080Ti_CPUALL",
        "meta_dataset_environment_strs": [
            "RTX2080Ti_CPUALL"
        ],
        "dataset_subgraph_node_size": 10,
        "dataset_subgraph_step": 10,
        "all_seed": 42,
        "dataset_params": {
            "duration_summed": false
        },
        "model_params": {
            "num_layers": 4,
            "bidirectional": true
        },
        "dataset_dummy": true,
        "batch_size": 128,
        "eval_steps": 5000,
        "learning_rate": 0.001,
        "epochs": 100,
        "optimizer": "Adam",
        "meta_configs": {
            "learning_rate": 0.005,
            "meta_learning_rate": 0.001,
            "meta_train_steps": 1000,
            "meta_task_per_step": 8,
            "meta_fast_adaption_step": 5,
            "meta_dataset_train_environment_strs": [
                "RTX2080Ti_CPUALL"
            ],
            "meta_dataset_eval_environment_strs": [
                "RTX2080Ti_CPUALL"
            ]
        }
    },
    "train_records": {
        "loss": [],
        "eval_metrics": [
            {
                "metrics": {
                    "eval_loss": 0.09901524579543976,
                    "MRE": 1.7574433453616334,
                    "MAE": 0.95841232051706,
                    "RMSE": 632.0873026882578,
                    "train_loss": 0.11835086345672607
                },
                "step": 0,
                "duration": 0.008325885
            },
            {
                "metrics": {
                    "eval_loss": 0.01442945811446685,
                    "MRE": 0.07591162876605075,
                    "MAE": 0.09099266510887462,
                    "RMSE": 187.99469319370894,
                    "train_loss": 0.021045217290520668
                },
                "step": 5000,
                "duration": 19.114648203
            },
            {
                "metrics": {
                    "eval_loss": 0.011764867870421832,
                    "MRE": 0.0708891305467239,
                    "MAE": 0.07625656283351498,
                    "RMSE": 130.64555387898835,
                    "train_loss": 0.008357402868568897
                },
                "step": 10000,
                "duration": 36.485266214
            },
            {
                "metrics": {
                    "eval_loss": 0.010856087294341937,
                    "MRE": 0.07971675923578148,
                    "MAE": 0.07657068927811003,
                    "RMSE": 113.80701959851832,
                    "train_loss": 0.00929930154234171
                },
                "step": 15000,
                "duration": 53.868964059
            },
            {
                "metrics": {
                    "eval_loss": 0.009097907394111442,
                    "MRE": 0.07053338336806389,
                    "MAE": 0.062496234095469894,
                    "RMSE": 95.81782196567906,
                    "train_loss": 0.017196189612150192
                },
                "step": 20000,
                "duration": 71.306451898
            },
            {
                "metrics": {
                    "eval_loss": 0.008201259533892486,
                    "MRE": 0.06966465770084274,
                    "MAE": 0.059317595903816155,
                    "RMSE": 89.50877161181921,
                    "train_loss": 0.011670819483697414
                },
                "step": 25000,
                "duration": 88.744209297
            },
            {
                "metrics": {
                    "eval_loss": 0.0074904397223441365,
                    "MRE": 0.06549089185689375,
                    "MAE": 0.05353909328859822,
                    "RMSE": 69.78714923683138,
                    "train_loss": 0.0061679319478571415
                },
                "step": 30000,
                "duration": 106.093967602
            },
            {
                "metrics": {
                    "eval_loss": 0.007059598370502662,
                    "MRE": 0.05893460505623176,
                    "MAE": 0.04303707689099744,
                    "RMSE": 63.847722592298446,
                    "train_loss": 0.004847920034080744
                },
                "step": 35000,
                "duration": 123.389682958
            },
            {
                "metrics": {
                    "eval_loss": 0.007313615251718101,
                    "MRE": 0.06084234543201,
                    "MAE": 0.050934628990127344,
                    "RMSE": 69.32823907695403,
                    "train_loss": 0.006441212724894285
                },
                "step": 40000,
                "duration": 140.668005712
            },
            {
                "metrics": {
                    "eval_loss": 0.006623931014821361,
                    "MRE": 0.05364764447784518,
                    "MAE": 0.04281101536668273,
                    "RMSE": 57.350461663921244,
                    "train_loss": 0.005678927525877953
                },
                "step": 45000,
                "duration": 158.011777502
            },
            {
                "metrics": {
                    "eval_loss": 0.006112492458663501,
                    "MRE": 0.05280573962081082,
                    "MAE": 0.039412455948198276,
                    "RMSE": 53.75293411878777,
                    "train_loss": 0.005644816905260086
                },
                "step": 50000,
                "duration": 175.355489006
            },
            {
                "metrics": {
                    "eval_loss": 0.006123989045614032,
                    "MRE": 0.053219152746929704,
                    "MAE": 0.03779327369442368,
                    "RMSE": 51.55033616508631,
                    "train_loss": 0.005170685704797506
                },
                "step": 55000,
                "duration": 192.632300317
            },
            {
                "metrics": {
                    "eval_loss": 0.005829915376884305,
                    "MRE": 0.05365897886045803,
                    "MAE": 0.04063215967789942,
                    "RMSE": 51.29707590642803,
                    "train_loss": 0.005449965130537748
                },
                "step": 60000,
                "duration": 211.703088406
            },
            {
                "metrics": {
                    "eval_loss": 0.005740833061652341,
                    "MRE": 0.05073335109289433,
                    "MAE": 0.04049732600731213,
                    "RMSE": 54.97710584246656,
                    "train_loss": 0.004473653621971607
                },
                "step": 65000,
                "duration": 229.170387455
            },
            {
                "metrics": {
                    "eval_loss": 0.005687107134070603,
                    "MRE": 0.04989210834210408,
                    "MAE": 0.037227902588049366,
                    "RMSE": 49.36687310194028,
                    "train_loss": 0.004284932743757963
                },
                "step": 70000,
                "duration": 246.594015408
            },
            {
                "metrics": {
                    "eval_loss": 0.005441422585344571,
                    "MRE": 0.04979986514959879,
                    "MAE": 0.03776568114119384,
                    "RMSE": 45.048557185127116,
                    "train_loss": 0.010477024130523205
                },
                "step": 75000,
                "duration": 264.082663653
            }
        ]
    }
}