{
    "train_config": {
        "model": "LSTM",
        "dataset_environment_str": "RTX2080Ti_CPUALL",
        "meta_dataset_environment_strs": [
            "RTX2080Ti_CPUALL"
        ],
        "dataset_subgraph_node_size": 8,
        "dataset_subgraph_step": 8,
        "all_seed": 42,
        "dataset_params": {
            "duration_summed": false
        },
        "model_params": {
            "num_layers": 4,
            "bidirectional": true
        },
        "dataset_dummy": true,
        "batch_size": 128,
        "eval_steps": 5000,
        "learning_rate": 0.001,
        "epochs": 100,
        "optimizer": "Adam",
        "meta_configs": {
            "learning_rate": 0.005,
            "meta_learning_rate": 0.001,
            "meta_train_steps": 1000,
            "meta_task_per_step": 8,
            "meta_fast_adaption_step": 5,
            "meta_dataset_train_environment_strs": [
                "RTX2080Ti_CPUALL"
            ],
            "meta_dataset_eval_environment_strs": [
                "RTX2080Ti_CPUALL"
            ]
        }
    },
    "train_records": {
        "loss": [],
        "eval_metrics": [
            {
                "metrics": {
                    "eval_loss": 0.06181854254813218,
                    "MRE": 0.41929350703749957,
                    "MAE": 0.5912863477582401,
                    "RMSE": 541.4103214255714,
                    "train_loss": 0.061301808804273605
                },
                "step": 0,
                "duration": 0.008637471
            },
            {
                "metrics": {
                    "eval_loss": 0.014391246137128458,
                    "MRE": 0.07492503343219947,
                    "MAE": 0.0885429895490119,
                    "RMSE": 198.8835199345388,
                    "train_loss": 0.007355731911957264
                },
                "step": 5000,
                "duration": 16.950003139
            },
            {
                "metrics": {
                    "eval_loss": 0.011901083908979876,
                    "MRE": 0.07422266564817567,
                    "MAE": 0.06702682893832577,
                    "RMSE": 129.74624208522175,
                    "train_loss": 0.007797025144100189
                },
                "step": 10000,
                "duration": 33.970631708
            },
            {
                "metrics": {
                    "eval_loss": 0.010965120080592377,
                    "MRE": 0.08002709029980799,
                    "MAE": 0.0762821413735388,
                    "RMSE": 116.20174413138464,
                    "train_loss": 0.007457649800926447
                },
                "step": 15000,
                "duration": 51.183742923
            },
            {
                "metrics": {
                    "eval_loss": 0.009593130289505673,
                    "MRE": 0.07485343030791365,
                    "MAE": 0.06190748877176104,
                    "RMSE": 91.37018137714685,
                    "train_loss": 0.00675487145781517
                },
                "step": 20000,
                "duration": 68.05442283
            },
            {
                "metrics": {
                    "eval_loss": 0.008654723149410695,
                    "MRE": 0.0699079120428193,
                    "MAE": 0.05489389036304352,
                    "RMSE": 89.36540541314919,
                    "train_loss": 0.005144531838595867
                },
                "step": 25000,
                "duration": 85.00939379
            },
            {
                "metrics": {
                    "eval_loss": 0.008707104092796467,
                    "MRE": 0.07612083050569801,
                    "MAE": 0.061717493404890585,
                    "RMSE": 80.3462987854303,
                    "train_loss": 0.0060640620067715645
                },
                "step": 30000,
                "duration": 102.08011674
            },
            {
                "metrics": {
                    "eval_loss": 0.008455689597342695,
                    "MRE": 0.0713527182502655,
                    "MAE": 0.05648360507586689,
                    "RMSE": 71.04786118923677,
                    "train_loss": 0.006356207653880119
                },
                "step": 35000,
                "duration": 119.259878836
            },
            {
                "metrics": {
                    "eval_loss": 0.007387341349979634,
                    "MRE": 0.06686280390366123,
                    "MAE": 0.04921622064253726,
                    "RMSE": 60.7106384518709,
                    "train_loss": 0.004783982411026955
                },
                "step": 40000,
                "duration": 136.515063375
            },
            {
                "metrics": {
                    "eval_loss": 0.006971350499210233,
                    "MRE": 0.06387201850336703,
                    "MAE": 0.045675401003892974,
                    "RMSE": 64.85463209705729,
                    "train_loss": 0.0066145542077720165
                },
                "step": 45000,
                "duration": 153.633523313
            },
            {
                "metrics": {
                    "eval_loss": 0.007060870524657396,
                    "MRE": 0.06437479624762923,
                    "MAE": 0.04586304630945325,
                    "RMSE": 58.80836356132969,
                    "train_loss": 0.009375760331749916
                },
                "step": 50000,
                "duration": 172.909382104
            },
            {
                "metrics": {
                    "eval_loss": 0.0065936684585889156,
                    "MRE": 0.06186734944846669,
                    "MAE": 0.04148412926911489,
                    "RMSE": 48.65479214551284,
                    "train_loss": 0.005391520913690329
                },
                "step": 55000,
                "duration": 189.988736389
            },
            {
                "metrics": {
                    "eval_loss": 0.006280985069865057,
                    "MRE": 0.06129335764571905,
                    "MAE": 0.045308636137257524,
                    "RMSE": 60.82797910966888,
                    "train_loss": 0.005430446472018957
                },
                "step": 60000,
                "duration": 207.152727497
            },
            {
                "metrics": {
                    "eval_loss": 0.006759328569573046,
                    "MRE": 0.06400925203682811,
                    "MAE": 0.04797068266078447,
                    "RMSE": 55.91972567269554,
                    "train_loss": 0.006040265783667564
                },
                "step": 65000,
                "duration": 224.135754068
            },
            {
                "metrics": {
                    "eval_loss": 0.0067018811657492605,
                    "MRE": 0.06505150153400938,
                    "MAE": 0.05141455810617143,
                    "RMSE": 59.42487150065423,
                    "train_loss": 0.005649367347359657
                },
                "step": 70000,
                "duration": 241.302863057
            },
            {
                "metrics": {
                    "eval_loss": 0.006736553304386801,
                    "MRE": 0.06092909833751158,
                    "MAE": 0.04438800432699485,
                    "RMSE": 62.61747446731254,
                    "train_loss": 0.0060829659923911095
                },
                "step": 75000,
                "duration": 258.46238059
            },
            {
                "metrics": {
                    "eval_loss": 0.005958027999292185,
                    "MRE": 0.06202106581078737,
                    "MAE": 0.044541699073699245,
                    "RMSE": 51.4642798103897,
                    "train_loss": 0.005639480892568827
                },
                "step": 80000,