{
    "train_config": {
        "model": "LSTM",
        "dataset_environment_str": "RTX2080Ti_CPUALL",
        "meta_dataset_environment_strs": [
            "RTX2080Ti_CPUALL"
        ],
        "dataset_subgraph_node_size": 10,
        "dataset_subgraph_step": 5,
        "all_seed": 42,
        "dataset_params": {
            "duration_summed": false
        },
        "model_params": {
            "num_layers": 4,
            "bidirectional": true
        },
        "dataset_dummy": true,
        "batch_size": 128,
        "eval_steps": 5000,
        "learning_rate": 0.001,
        "epochs": 100,
        "optimizer": "Adam",
        "meta_configs": {
            "learning_rate": 0.005,
            "meta_learning_rate": 0.001,
            "meta_train_steps": 1000,
            "meta_task_per_step": 8,
            "meta_fast_adaption_step": 5,
            "meta_dataset_train_environment_strs": [
                "RTX2080Ti_CPUALL"
            ],
            "meta_dataset_eval_environment_strs": [
                "RTX2080Ti_CPUALL"
            ]
        }
    },
    "train_records": {
        "loss": [],
        "eval_metrics": [
            {
                "metrics": {
                    "eval_loss": 0.07161534700590448,
                    "MRE": 0.5647320262252725,
                    "MAE": 0.5172521453515758,
                    "RMSE": 485.46684787160257,
                    "train_loss": 0.09024571627378464
                },
                "step": 0,
                "duration": 0.010523571
            },
            {
                "metrics": {
                    "eval_loss": 0.014153528373124292,
                    "MRE": 0.07894958319554558,
                    "MAE": 0.09431887970355685,
                    "RMSE": 185.5949054332666,
                    "train_loss": 0.01734371855854988
                },
                "step": 5000,
                "duration": 21.16294544
            },
            {
                "metrics": {
                    "eval_loss": 0.011638808404733516,
                    "MRE": 0.07537999875139285,
                    "MAE": 0.08001675406199865,
                    "RMSE": 143.8229176205378,
                    "train_loss": 0.01131431944668293
                },
                "step": 10000,
                "duration": 39.742780905
            },
            {
                "metrics": {
                    "eval_loss": 0.01012641721969815,
                    "MRE": 0.07067617157854045,
                    "MAE": 0.06323668403863936,
                    "RMSE": 87.60556802384869,
                    "train_loss": 0.012514841742813587
                },
                "step": 15000,
                "duration": 58.215180633
            },
            {
                "metrics": {
                    "eval_loss": 0.009691872645560533,
                    "MRE": 0.07629820659047791,
                    "MAE": 0.06516986269680851,
                    "RMSE": 83.68406395082016,
                    "train_loss": 0.007230923976749182
                },
                "step": 20000,
                "duration": 76.883849231
            },
            {
                "metrics": {
                    "eval_loss": 0.007908930284872603,
                    "MRE": 0.06239160968727203,
                    "MAE": 0.0505344453569331,
                    "RMSE": 72.48575755685678,
                    "train_loss": 0.007674843072891235
                },
                "step": 25000,
                "duration": 95.336050616
            },
            {
                "metrics": {
                    "eval_loss": 0.008049906623711696,
                    "MRE": 0.05852164319039903,
                    "MAE": 0.05108564577174048,
                    "RMSE": 76.66108426600516,
                    "train_loss": 0.005229846574366093
                },
                "step": 30000,
                "duration": 113.820519016
            },
            {
                "metrics": {
                    "eval_loss": 0.007014867045841246,
                    "MRE": 0.05724323497197322,
                    "MAE": 0.04446653943148641,
                    "RMSE": 65.50756476875077,
                    "train_loss": 0.0051495409570634365
                },
                "step": 35000,
                "duration": 132.403713717
            },
            {
                "metrics": {
                    "eval_loss": 0.007228460929185623,
                    "MRE": 0.057739079515578606,
                    "MAE": 0.045904898131121995,
                    "RMSE": 63.404294886425,
                    "train_loss": 0.004547353368252516
                },
                "step": 40000,
                "duration": 150.974714434
            },
            {
                "metrics": {
                    "eval_loss": 0.006570845091025545,
                    "MRE": 0.054932729754191494,
                    "MAE": 0.04345585310462483,
                    "RMSE": 55.960709800373216,
                    "train_loss": 0.006448997650295496
                },
                "step": 45000,
                "duration": 169.512972128
            },
            {
                "metrics": {
                    "eval_loss": 0.006529864497749189,
                    "MRE": 0.056920463086160354,
                    "MAE": 0.04668336737872484,
                    "RMSE": 56.699121999421294,
                    "train_loss": 0.007160780020058155
                },
                "step": 50000,
                "duration": 187.843696554
            },
            {
                "metrics": {
                    "eval_loss": 0.006481478346428888,
                    "MRE": 0.05746803528058664,
                    "MAE": 0.04471481113861591,
                    "RMSE": 58.81246140921222,
                    "train_loss": 0.0045431628823280334
                },
                "step": 55000,
                "duration": 206.389290898
            },
            {
                "metrics": {
                    "eval_loss": 0.006507618150023448,
                    "MRE": 0.061755290870533316,
                    "MAE": 0.04758921110096804,
                    "RMSE": 52.768365019814816,
                    "train_loss": 0.004469504114240408
                },
                "step": 60000,
                "duration": 224.908957874
            },
            {
                "metrics": {
                    "eval_loss": 0.006135159734278717,
                    "MRE": 0.05790582819667775,
                    "MAE": 0.04349523298542716,
                    "RMSE": 49.12170712244485,
                    "train_loss": 0.005001228302717209
                },
                "step": 65000,
                "duration": 246.018654431
            },
            {
                "metrics": {
                    "eval_loss": 0.005949579915394656,
                    "MRE": 0.05774451565922365,
                    "MAE": 0.0427933739306583,
                    "RMSE": 46.88591749913008,
                    "train_loss": 0.004424874670803547
                },
                "step": 70000,
                "duration": 264.540874998
            },
            {
                "metrics": {
                    "eval_loss": 0.005596347204071861,
                    "MRE": 0.050315759952800604,
                    "MAE": 0.035426165282098465,
                    "RMSE": 44.2629111497336,
                    "train_loss": 0.0046369279734790325
                },
                "step": 75000,
                "duration": 283.282948387
            },
            {
                "metrics": {
                    "eval_loss": 0.005616081739180327,
                    "MRE": 0.053807287073098495,
                    "MAE": 0.04166251915863491,
                    "RMSE": 48.937957485239416,
                    "train_loss": 0.004806682001799345
                },
                "step": 80000,