{
    "train_config": {
        "model": "LSTM",
        "dataset_environment_str": "RTX2080Ti_CPUALL",
        "meta_dataset_environment_strs": [
            "RTX2080Ti_CPUALL"
        ],
        "dataset_subgraph_node_size": 12,
        "dataset_subgraph_step": 5,
        "all_seed": 42,
        "dataset_params": {
            "duration_summed": false
        },
        "model_params": {
            "num_layers": 4,
            "bidirectional": true
        },
        "dataset_dummy": true,
        "batch_size": 128,
        "eval_steps": 5000,
        "learning_rate": 0.001,
        "epochs": 100,
        "optimizer": "Adam",
        "meta_configs": {
            "learning_rate": 0.005,
            "meta_learning_rate": 0.001,
            "meta_train_steps": 1000,
            "meta_task_per_step": 8,
            "meta_fast_adaption_step": 5,
            "meta_dataset_train_environment_strs": [
                "RTX2080Ti_CPUALL"
            ],
            "meta_dataset_eval_environment_strs": [
                "RTX2080Ti_CPUALL"
            ]
        }
    },
    "train_records": {
        "loss": [],
        "eval_metrics": [
            {
                "metrics": {
                    "eval_loss": 0.06889760713928784,
                    "MRE": 0.5515575613314011,
                    "MAE": 0.5277403843592462,
                    "RMSE": 489.9868647152783,
                    "train_loss": 0.06447156518697739
                },
                "step": 0,
                "duration": 0.015588493
            },
            {
                "metrics": {
                    "eval_loss": 0.014395889284339948,
                    "MRE": 0.06847132809497945,
                    "MAE": 0.08695564308768854,
                    "RMSE": 196.6531519070505,
                    "train_loss": 0.016295485198497772
                },
                "step": 5000,
                "duration": 20.101742826
            },
            {
                "metrics": {
                    "eval_loss": 0.012039624704555489,
                    "MRE": 0.07204078689334263,
                    "MAE": 0.07762959761407671,
                    "RMSE": 139.3056371353585,
                    "train_loss": 0.011323804967105389
                },
                "step": 10000,
                "duration": 40.450841688
            },
            {
                "metrics": {
                    "eval_loss": 0.01012933505374419,
                    "MRE": 0.05958561639373472,
                    "MAE": 0.05493628944955219,
                    "RMSE": 98.87440213950805,
                    "train_loss": 0.008494270965456963
                },
                "step": 15000,
                "duration": 60.890903416
            },
            {
                "metrics": {
                    "eval_loss": 0.009134672684292756,
                    "MRE": 0.06413103787995532,
                    "MAE": 0.06388836644030822,
                    "RMSE": 113.46384645416539,
                    "train_loss": 0.007997509092092514
                },
                "step": 20000,
                "duration": 81.492826705
            },
            {
                "metrics": {
                    "eval_loss": 0.008234936754422214,
                    "MRE": 0.06005085429824122,
                    "MAE": 0.05549080068939276,
                    "RMSE": 88.51898418599824,
                    "train_loss": 0.0061082239262759686
                },
                "step": 25000,
                "duration": 101.76158533
            },
            {
                "metrics": {
                    "eval_loss": 0.007433614663172286,
                    "MRE": 0.05536344140297876,
                    "MAE": 0.048317747552304606,
                    "RMSE": 71.46614304100116,
                    "train_loss": 0.007372712716460228
                },
                "step": 30000,
                "duration": 124.269224799
            },
            {
                "metrics": {
                    "eval_loss": 0.007108076651023181,
                    "MRE": 0.056528850103643245,
                    "MAE": 0.0460674137152899,
                    "RMSE": 62.69635422461954,
                    "train_loss": 0.008546503260731697
                },
                "step": 35000,
                "duration": 144.709992813
            },
            {
                "metrics": {
                    "eval_loss": 0.006870665214172242,
                    "MRE": 0.05436416904517394,
                    "MAE": 0.0473261983227479,
                    "RMSE": 67.41469162174711,
                    "train_loss": 0.005588764324784279
                },
                "step": 40000,
                "duration": 165.172781359
            },
            {
                "metrics": {
                    "eval_loss": 0.00687171742510355,
                    "MRE": 0.052853074369568875,
                    "MAE": 0.04176063635782578,
                    "RMSE": 54.703501211388414,
                    "train_loss": 0.08975470066070557
                },
                "step": 45000,
                "duration": 185.331544432
            },
            {
                "metrics": {
                    "eval_loss": 0.006437383420304216,
                    "MRE": 0.05131602816376557,
                    "MAE": 0.04406292711117439,
                    "RMSE": 59.90629953249881,
                    "train_loss": 0.0058132559061050415
                },
                "step": 50000,
                "duration": 205.700717697
            },
            {
                "metrics": {
                    "eval_loss": 0.006651293056328984,
                    "MRE": 0.0569083295550593,
                    "MAE": 0.045123455377746126,
                    "RMSE": 52.39803291575792,
                    "train_loss": 0.010669565759599209
                },
                "step": 55000,
                "duration": 225.95914052
            },
            {
                "metrics": {
                    "eval_loss": 0.006081001540923563,
                    "MRE": 0.05145895739312091,
                    "MAE": 0.04178424133714292,
                    "RMSE": 56.12239196622614,
                    "train_loss": 0.005122271832078695
                },
                "step": 60000,
                "duration": 246.413199013
            },
            {
                "metrics": {
                    "eval_loss": 0.0059267359029036015,
                    "MRE": 0.05097935821531312,
                    "MAE": 0.04041253811518046,
                    "RMSE": 49.18442773320163,
                    "train_loss": 0.005322218872606754
                },
                "step": 65000,
                "duration": 266.449092028
            },
            {
                "metrics": {
                    "eval_loss": 0.005989563837292968,
                    "MRE": 0.05283534830824933,
                    "MAE": 0.043820478969360505,
                    "RMSE": 58.08922386854532,
                    "train_loss": 0.005081601440906525
                },
                "step": 70000,
                "duration": 286.885727809
            },
            {
                "metrics": {
                    "eval_loss": 0.005891783452124144,
                    "MRE": 0.05162713127809977,
                    "MAE": 0.039048499119542786,
                    "RMSE": 42.27164282452544,
                    "train_loss": 0.005330351181328297
                },
                "step": 75000,
                "duration": 306.691038962
            },
            {
                "metrics": {
                    "eval_loss": 0.005735035489450615,
                    "MRE": 0.04720138560167344,
                    "MAE": 0.03716881714349648,
                    "RMSE": 41.69704599953334,
                    "train_loss": 0.00627720495685935
                },
                "step": 80000,