{
    "train_config": {
        "model": "LSTM",
        "dataset_environment_str": "RTX2080Ti_CPUALL",
        "meta_dataset_environment_strs": [
            "RTX2080Ti_CPUALL"
        ],
        "dataset_subgraph_node_size": 16,
        "dataset_subgraph_step": 8,
        "all_seed": 42,
        "dataset_params": {
            "duration_summed": false
        },
        "model_params": {
            "num_layers": 4,
            "bidirectional": true
        },
        "dataset_dummy": true,
        "batch_size": 128,
        "eval_steps": 5000,
        "learning_rate": 0.001,
        "epochs": 100,
        "optimizer": "Adam",
        "meta_configs": {
            "learning_rate": 0.005,
            "meta_learning_rate": 0.001,
            "meta_train_steps": 1000,
            "meta_task_per_step": 8,
            "meta_fast_adaption_step": 5,
            "meta_dataset_train_environment_strs": [
                "RTX2080Ti_CPUALL"
            ],
            "meta_dataset_eval_environment_strs": [
                "RTX2080Ti_CPUALL"
            ]
        }
    },
    "train_records": {
        "loss": [],
        "eval_metrics": [
            {
                "metrics": {
                    "eval_loss": 0.06414923061354039,
                    "MRE": 0.6389568090952509,
                    "MAE": 0.49892982679859854,
                    "RMSE": 473.50679878803203,
                    "train_loss": 0.07932102680206299
                },
                "step": 0,
                "duration": 0.011002339
            },
            {
                "metrics": {
                    "eval_loss": 0.012628523348114238,
                    "MRE": 0.06789549377516868,
                    "MAE": 0.0798080882532172,
                    "RMSE": 183.0850784681225,
                    "train_loss": 0.008064309135079384
                },
                "step": 5000,
                "duration": 18.342674316
            },
            {
                "metrics": {
                    "eval_loss": 0.010944240279973318,
                    "MRE": 0.07453629374483374,
                    "MAE": 0.0708731971647355,
                    "RMSE": 123.74835813655737,
                    "train_loss": 0.0066262176260352135
                },
                "step": 10000,
                "duration": 36.732881636
            },
            {
                "metrics": {
                    "eval_loss": 0.00886603660391978,
                    "MRE": 0.06552876589798573,
                    "MAE": 0.06095161883345062,
                    "RMSE": 101.0541014602572,
                    "train_loss": 0.00651924405246973
                },
                "step": 15000,
                "duration": 54.977077456
            },
            {
                "metrics": {
                    "eval_loss": 0.008091522537721082,
                    "MRE": 0.06072116444606274,
                    "MAE": 0.05390895395256985,
                    "RMSE": 92.62587228824044,
                    "train_loss": 0.010091947391629219
                },
                "step": 20000,
                "duration": 73.218561812
            },
            {
                "metrics": {
                    "eval_loss": 0.00749729118274095,
                    "MRE": 0.06071611455444888,
                    "MAE": 0.05301229535998137,
                    "RMSE": 79.29600844991609,
                    "train_loss": 0.005886197090148926
                },
                "step": 25000,
                "duration": 91.323311402
            },
            {
                "metrics": {
                    "eval_loss": 0.006638907405356757,
                    "MRE": 0.057689144532829445,
                    "MAE": 0.050491035379044265,
                    "RMSE": 77.95567772364727,
                    "train_loss": 0.0055887107737362385
                },
                "step": 30000,
                "duration": 109.647574148
            },
            {
                "metrics": {
                    "eval_loss": 0.006557429728742976,
                    "MRE": 0.05693480840732537,
                    "MAE": 0.0474194733902874,
                    "RMSE": 67.25334679886733,
                    "train_loss": 0.004718802869319916
                },
                "step": 35000,
                "duration": 127.941750951
            },
            {
                "metrics": {
                    "eval_loss": 0.006028714606490655,
                    "MRE": 0.05250060401325041,
                    "MAE": 0.04307799464478941,
                    "RMSE": 61.33952735383167,
                    "train_loss": 0.004710789769887924
                },
                "step": 40000,
                "duration": 148.247746552
            },
            {
                "metrics": {
                    "eval_loss": 0.0059537067155664165,
                    "MRE": 0.0521012764049126,
                    "MAE": 0.04290881199022475,
                    "RMSE": 60.63275397329828,
                    "train_loss": 0.004705596249550581
                },
                "step": 45000,
                "duration": 166.595843008
            },
            {
                "metrics": {
                    "eval_loss": 0.005798722674043324,
                    "MRE": 0.04996009314113786,
                    "MAE": 0.04007873462750769,
                    "RMSE": 57.082458289775076,
                    "train_loss": 0.005211878567934036
                },
                "step": 50000,
                "duration": 184.852191412
            },
            {
                "metrics": {
                    "eval_loss": 0.005745226711345215,
                    "MRE": 0.05046053206009022,
                    "MAE": 0.03834124697333662,
                    "RMSE": 49.46279430444207,
                    "train_loss": 0.004355647601187229
                },
                "step": 55000,
                "duration": 203.118037058
            },
            {
                "metrics": {
                    "eval_loss": 0.005531299449742223,
                    "MRE": 0.05513743113854663,
                    "MAE": 0.04181157181446025,
                    "RMSE": 52.21832451353309,
                    "train_loss": 0.005437345243990421
                },
                "step": 60000,
                "duration": 221.421938112
            },
            {
                "metrics": {
                    "eval_loss": 0.005252424304863104,
                    "MRE": 0.053951390424481445,
                    "MAE": 0.04196824238030139,
                    "RMSE": 49.81267167966721,
                    "train_loss": 0.004262866452336311
                },
                "step": 65000,
                "duration": 239.805497995
            },
            {
                "metrics": {
                    "eval_loss": 0.005039502348667249,
                    "MRE": 0.04607754532709929,
                    "MAE": 0.0368676453611374,
                    "RMSE": 48.2266531155238,
                    "train_loss": 0.0036472384817898273
                },
                "step": 70000,
                "duration": 258.393311844
            },
            {
                "metrics": {
                    "eval_loss": 0.005029581770754586,
                    "MRE": 0.051464967610429097,
                    "MAE": 0.03829619589680058,
                    "RMSE": 45.65072778280943,
                    "train_loss": 0.005039127543568611
                },
                "step": 75000,
                "duration": 276.682414416
            },
            {
                "metrics": {
                    "eval_loss": 0.0050065302110921875,
                    "MRE": 0.04975260457021533,
                    "MAE": 0.035992871569597754,
                    "RMSE": 42.48459224010717,
                    "train_loss": 0.00431956397369504
                },
                "step": 80000,