{
    "train_config": {
        "model": "LSTM",
        "dataset_environment_str": "RTX2080Ti_CPUALL",
        "meta_dataset_environment_strs": [
            "RTX2080Ti_CPUALL"
        ],
        "dataset_subgraph_node_size": 4,
        "dataset_subgraph_step": 4,
        "all_seed": 42,
        "dataset_params": {
            "duration_summed": false
        },
        "model_params": {
            "num_layers": 4,
            "bidirectional": true
        },
        "dataset_dummy": true,
        "batch_size": 128,
        "eval_steps": 5000,
        "learning_rate": 0.001,
        "epochs": 100,
        "optimizer": "Adam",
        "meta_configs": {
            "learning_rate": 0.005,
            "meta_learning_rate": 0.001,
            "meta_train_steps": 1000,
            "meta_task_per_step": 8,
            "meta_fast_adaption_step": 5,
            "meta_dataset_train_environment_strs": [
                "RTX2080Ti_CPUALL"
            ],
            "meta_dataset_eval_environment_strs": [
                "RTX2080Ti_CPUALL"
            ]
        }
    },
    "train_records": {
        "loss": [],
        "eval_metrics": [
            {
                "metrics": {
                    "eval_loss": 0.08330211104178915,
                    "MRE": 0.7268759475909562,
                    "MAE": 0.48418478166551626,
                    "RMSE": 472.7426801365931,
                    "train_loss": 0.09335674345493317
                },
                "step": 0,
                "duration": 0.0109888
            },
            {
                "metrics": {
                    "eval_loss": 0.017549206129137466,
                    "MRE": 0.11206747899828146,
                    "MAE": 0.1206857269958435,
                    "RMSE": 196.25452667038638,
                    "train_loss": 0.010207126848399639
                },
                "step": 5000,
                "duration": 17.794933483
            },
            {
                "metrics": {
                    "eval_loss": 0.014271500344894238,
                    "MRE": 0.08650272957325611,
                    "MAE": 0.08840991557311054,
                    "RMSE": 155.24128806032988,
                    "train_loss": 0.011143681593239307
                },
                "step": 10000,
                "duration": 35.524532339
            },
            {
                "metrics": {
                    "eval_loss": 0.012981454706964634,
                    "MRE": 0.08530650561935452,
                    "MAE": 0.08709850509296908,
                    "RMSE": 128.48912551339453,
                    "train_loss": 0.008775996044278145
                },
                "step": 15000,
                "duration": 53.178490297
            },
            {
                "metrics": {
                    "eval_loss": 0.011940002309028369,
                    "MRE": 0.0894471026737568,
                    "MAE": 0.06628442588807788,
                    "RMSE": 88.21341949384754,
                    "train_loss": 0.010696237906813622
                },
                "step": 20000,
                "duration": 70.973152454
            },
            {
                "metrics": {
                    "eval_loss": 0.011563025244478402,
                    "MRE": 0.10768209072624799,
                    "MAE": 0.08101186698916436,
                    "RMSE": 107.14607652992453,
                    "train_loss": 0.006678706035017967
                },
                "step": 25000,
                "duration": 88.732861819
            },
            {
                "metrics": {
                    "eval_loss": 0.0106374662442175,
                    "MRE": 0.08227719817588174,
                    "MAE": 0.07100244712987959,
                    "RMSE": 100.96193393966371,
                    "train_loss": 0.008566360920667648
                },
                "step": 30000,
                "duration": 106.536288741
            },
            {
                "metrics": {
                    "eval_loss": 0.012126791926174501,
                    "MRE": 0.10112889691580049,
                    "MAE": 0.09110281370609961,
                    "RMSE": 155.16414231938916,
                    "train_loss": 0.008253771811723709
                },
                "step": 35000,
                "duration": 124.487651854
            },
            {
                "metrics": {
                    "eval_loss": 0.009441185387950843,
                    "MRE": 0.08715987372030741,
                    "MAE": 0.06833895760081597,
                    "RMSE": 80.04391980589901,
                    "train_loss": 0.00867245253175497
                },
                "step": 40000,
                "duration": 142.458828474
            },
            {
                "metrics": {
                    "eval_loss": 0.00944729579543714,
                    "MRE": 0.08925580508147431,
                    "MAE": 0.06269888089782731,
                    "RMSE": 75.79556265766672,
                    "train_loss": 0.007155146449804306
                },
                "step": 45000,
                "duration": 160.457871844
            },
            {
                "metrics": {
                    "eval_loss": 0.008880035622904852,
                    "MRE": 0.08303831334368586,
                    "MAE": 0.06088809606558333,
                    "RMSE": 74.04507888350015,
                    "train_loss": 0.006462906487286091
                },
                "step": 50000,
                "duration": 178.631153274
            },
            {
                "metrics": {
                    "eval_loss": 0.00870710695195083,
                    "MRE": 0.09554949445217707,
                    "MAE": 0.05979762844534254,
                    "RMSE": 73.56746786172138,
                    "train_loss": 0.008092001080513
                },
                "step": 55000,
                "duration": 196.644361754
            },
            {
                "metrics": {
                    "eval_loss": 0.00919879536674244,
                    "MRE": 0.08193880559048962,
                    "MAE": 0.06460872291046653,
                    "RMSE": 78.28152723314682,
                    "train_loss": 0.0066636186093091965
                },
                "step": 60000,
                "duration": 214.549314903
            },
            {
                "metrics": {
                    "eval_loss": 0.008487306685254931,
                    "MRE": 0.08296182425956423,
                    "MAE": 0.06343180940367729,
                    "RMSE": 75.5045807456702,
                    "train_loss": 0.006558728404343128
                },
                "step": 65000,
                "duration": 235.133380145
            },
            {
                "metrics": {
                    "eval_loss": 0.008175076403413372,
                    "MRE": 0.08281747434144779,
                    "MAE": 0.05924906618014749,
                    "RMSE": 69.30322131895706,
                    "train_loss": 0.007637460250407457
                },
                "step": 70000,
                "duration": 253.105883433
            },
            {
                "metrics": {
                    "eval_loss": 0.008412309161513452,
                    "MRE": 0.08483417059406059,
                    "MAE": 0.06168635956823013,
                    "RMSE": 74.88713392749838,
                    "train_loss": 0.007073583081364632
                },
                "step": 75000,
                "duration": 271.043535117
            },
            {
                "metrics": {
                    "eval_loss": 0.007873145455291984,
                    "MRE": 0.07824512777608854,
                    "MAE": 0.05149417062920171,
                    "RMSE": 64.44488069627197,
                    "train_loss": 0.007243415340781212
                },
                "step": 80000,