{
    "train_config": {
        "model": "LSTM",
        "dataset_environment_str": "RTX2080Ti_CPUALL",
        "meta_dataset_environment_strs": [
            "RTX2080Ti_CPUALL"
        ],
        "dataset_subgraph_node_size": 12,
        "dataset_subgraph_step": 10,
        "all_seed": 42,
        "dataset_params": {
            "duration_summed": false
        },
        "model_params": {
            "num_layers": 4,
            "bidirectional": true
        },
        "dataset_dummy": true,
        "batch_size": 128,
        "eval_steps": 5000,
        "learning_rate": 0.001,
        "epochs": 100,
        "optimizer": "Adam",
        "meta_configs": {
            "learning_rate": 0.005,
            "meta_learning_rate": 0.001,
            "meta_train_steps": 1000,
            "meta_task_per_step": 8,
            "meta_fast_adaption_step": 5,
            "meta_dataset_train_environment_strs": [
                "RTX2080Ti_CPUALL"
            ],
            "meta_dataset_eval_environment_strs": [
                "RTX2080Ti_CPUALL"
            ]
        }
    },
    "train_records": {
        "loss": [],
        "eval_metrics": [
            {
                "metrics": {
                    "eval_loss": 0.06844063072352652,
                    "MRE": 0.6661924964418172,
                    "MAE": 0.5097595865431965,
                    "RMSE": 478.95733465538206,
                    "train_loss": 0.0705314502120018
                },
                "step": 0,
                "duration": 0.008907445
            },
            {
                "metrics": {
                    "eval_loss": 0.013563657326291606,
                    "MRE": 0.0703488853036642,
                    "MAE": 0.08450907453583702,
                    "RMSE": 180.17721379236696,
                    "train_loss": 0.010271438397467136
                },
                "step": 5000,
                "duration": 20.218004914
            },
            {
                "metrics": {
                    "eval_loss": 0.010894168948363156,
                    "MRE": 0.06942641861045042,
                    "MAE": 0.07317134864551186,
                    "RMSE": 126.71173286337785,
                    "train_loss": 0.007708732970058918
                },
                "step": 10000,
                "duration": 40.02066781
            },
            {
                "metrics": {
                    "eval_loss": 0.009305350900669196,
                    "MRE": 0.058725675808265224,
                    "MAE": 0.05683934683099486,
                    "RMSE": 94.8401141057537,
                    "train_loss": 0.006664610467851162
                },
                "step": 15000,
                "duration": 60.509266604
            },
            {
                "metrics": {
                    "eval_loss": 0.00840725918199606,
                    "MRE": 0.0641995351398779,
                    "MAE": 0.056571222789213116,
                    "RMSE": 81.29853501898117,
                    "train_loss": 0.007076345384120941
                },
                "step": 20000,
                "duration": 80.705568056
            },
            {
                "metrics": {
                    "eval_loss": 0.007690153270070056,
                    "MRE": 0.06133213422835665,
                    "MAE": 0.04979469688402796,
                    "RMSE": 74.6235968667985,
                    "train_loss": 0.005709928926080465
                },
                "step": 25000,
                "duration": 101.243587116
            },
            {
                "metrics": {
                    "eval_loss": 0.007980357266808296,
                    "MRE": 0.060059293635203945,
                    "MAE": 0.05171313154685709,
                    "RMSE": 70.45411930916461,
                    "train_loss": 0.006093746051192284
                },
                "step": 30000,
                "duration": 120.70356884
            },
            {
                "metrics": {
                    "eval_loss": 0.006806749924661438,
                    "MRE": 0.05509875767614291,
                    "MAE": 0.04511234017319653,
                    "RMSE": 58.43374915426929,
                    "train_loss": 0.004863637499511242
                },
                "step": 35000,
                "duration": 139.684822014
            },
            {
                "metrics": {
                    "eval_loss": 0.007089770140992418,
                    "MRE": 0.056670101829495736,
                    "MAE": 0.04563378111096254,
                    "RMSE": 54.45852829038424,
                    "train_loss": 0.005321838892996311
                },
                "step": 40000,
                "duration": 159.433689194
            },
            {
                "metrics": {
                    "eval_loss": 0.006270783448407937,
                    "MRE": 0.05338376935733715,
                    "MAE": 0.041388699212972634,
                    "RMSE": 52.16189142981061,
                    "train_loss": 0.006223753094673157
                },
                "step": 45000,
                "duration": 181.341936865
            },
            {
                "metrics": {
                    "eval_loss": 0.006538073630161156,
                    "MRE": 0.05738872734293253,
                    "MAE": 0.04547687321383678,
                    "RMSE": 51.79001031611356,
                    "train_loss": 0.005263333674520254
                },
                "step": 50000,
                "duration": 199.934271443
            },
            {
                "metrics": {
                    "eval_loss": 0.006277412699630401,
                    "MRE": 0.0469312568642893,
                    "MAE": 0.041825691675879295,
                    "RMSE": 59.32829333282961,
                    "train_loss": 0.007122456561774015
                },
                "step": 55000,
                "duration": 218.947360176
            },
            {
                "metrics": {
                    "eval_loss": 0.005750041423887489,
                    "MRE": 0.048259170103786754,
                    "MAE": 0.039379847868455324,
                    "RMSE": 47.27529701104872,
                    "train_loss": 0.0062347156926989555
                },
                "step": 60000,
                "duration": 238.559914785
            },
            {
                "metrics": {
                    "eval_loss": 0.005740852172302593,
                    "MRE": 0.05366563480913342,
                    "MAE": 0.04149938318319638,
                    "RMSE": 45.77210715894898,
                    "train_loss": 0.005423690192401409
                },
                "step": 65000,
                "duration": 258.200788029
            },
            {
                "metrics": {
                    "eval_loss": 0.005371696776176571,
                    "MRE": 0.05115248813326052,
                    "MAE": 0.040142719216476525,
                    "RMSE": 44.51740695994095,
                    "train_loss": 0.005185643211007118
                },
                "step": 70000,
                "duration": 278.814298601
            },
            {
                "metrics": {
                    "eval_loss": 0.0052643847884610295,
                    "MRE": 0.043131913960338934,
                    "MAE": 0.03176559926742652,
                    "RMSE": 39.23478352812974,
                    "train_loss": 0.007469124160706997
                },
                "step": 75000,
                "duration": 300.844606632
            }
        ]
    }
}