{
    "train_config": {
        "model": "LSTM",
        "dataset_environment_str": "RTX2080Ti_CPUALL",
        "meta_dataset_environment_strs": [
            "RTX2080Ti_CPUALL"
        ],
        "dataset_subgraph_node_size": 12,
        "dataset_subgraph_step": 4,
        "all_seed": 42,
        "dataset_params": {
            "duration_summed": false
        },
        "model_params": {
            "num_layers": 4,
            "bidirectional": true
        },
        "dataset_dummy": true,
        "batch_size": 128,
        "eval_steps": 5000,
        "learning_rate": 0.001,
        "epochs": 100,
        "optimizer": "Adam",
        "meta_configs": {
            "learning_rate": 0.005,
            "meta_learning_rate": 0.001,
            "meta_train_steps": 1000,
            "meta_task_per_step": 8,
            "meta_fast_adaption_step": 5,
            "meta_dataset_train_environment_strs": [
                "RTX2080Ti_CPUALL"
            ],
            "meta_dataset_eval_environment_strs": [
                "RTX2080Ti_CPUALL"
            ]
        }
    },
    "train_records": {
        "loss": [],
        "eval_metrics": [
            {
                "metrics": {
                    "eval_loss": 0.09284022405437148,
                    "MRE": 0.8039182343428151,
                    "MAE": 0.4485337981247192,
                    "RMSE": 474.4135728733613,
                    "train_loss": 0.12943711876869202
                },
                "step": 0,
                "duration": 0.013979234
            },
            {
                "metrics": {
                    "eval_loss": 0.01336414871025402,
                    "MRE": 0.08323847222744692,
                    "MAE": 0.10096135342226124,
                    "RMSE": 189.24658919809406,
                    "train_loss": 0.008241153322160244
                },
                "step": 5000,
                "duration": 21.600507662
            },
            {
                "metrics": {
                    "eval_loss": 0.011947363721575482,
                    "MRE": 0.06455869684743759,
                    "MAE": 0.07157925417929538,
                    "RMSE": 131.87678423786616,
                    "train_loss": 0.010333631187677383
                },
                "step": 10000,
                "duration": 43.687131327
            },
            {
                "metrics": {
                    "eval_loss": 0.009615988611831128,
                    "MRE": 0.07225766940013607,
                    "MAE": 0.066241489537863,
                    "RMSE": 106.70282887907224,
                    "train_loss": 0.008435708470642567
                },
                "step": 15000,
                "duration": 65.244535028
            },
            {
                "metrics": {
                    "eval_loss": 0.008825072848386488,
                    "MRE": 0.059199447443944994,
                    "MAE": 0.05860154190655889,
                    "RMSE": 100.90499680853553,
                    "train_loss": 0.007355568930506706
                },
                "step": 20000,
                "duration": 86.74625987
            },
            {
                "metrics": {
                    "eval_loss": 0.008105736253712779,
                    "MRE": 0.06430891219176973,
                    "MAE": 0.055635178366610985,
                    "RMSE": 79.64207553262209,
                    "train_loss": 0.005356147885322571
                },
                "step": 25000,
                "duration": 109.017148554
            },
            {
                "metrics": {
                    "eval_loss": 0.00793678397894837,
                    "MRE": 0.05668381031402592,
                    "MAE": 0.04849849973438445,
                    "RMSE": 70.12946165524122,
                    "train_loss": 0.005518860649317503
                },
                "step": 30000,
                "duration": 130.452781857
            },
            {
                "metrics": {
                    "eval_loss": 0.007014251446305322,
                    "MRE": 0.05757634701713414,
                    "MAE": 0.04598642087696216,
                    "RMSE": 68.16472901811079,
                    "train_loss": 0.01061985269188881
                },
                "step": 35000,
                "duration": 151.943339631
            },
            {
                "metrics": {
                    "eval_loss": 0.007149891376698564,
                    "MRE": 0.06026323672494486,
                    "MAE": 0.0491827240815859,
                    "RMSE": 59.61060160009437,
                    "train_loss": 0.005265921354293823
                },
                "step": 40000,
                "duration": 173.644385653
            },
            {
                "metrics": {
                    "eval_loss": 0.0064749167370939135,
                    "MRE": 0.05704975005223784,
                    "MAE": 0.04740859469337925,
                    "RMSE": 74.68542891311391,
                    "train_loss": 0.00451607396826148
                },
                "step": 45000,
                "duration": 195.171013832
            },
            {
                "metrics": {
                    "eval_loss": 0.006307128981889434,
                    "MRE": 0.05435856328436576,
                    "MAE": 0.043136643821166984,
                    "RMSE": 58.34109116048239,
                    "train_loss": 0.0051891496405005455
                },
                "step": 50000,
                "duration": 216.89070626
            },
            {
                "metrics": {
                    "eval_loss": 0.00618337188305089,
                    "MRE": 0.05423622107895739,
                    "MAE": 0.04233375177857834,
                    "RMSE": 56.88608596030203,
                    "train_loss": 0.005111967213451862
                },
                "step": 55000,
                "duration": 238.362660685
            },
            {
                "metrics": {
                    "eval_loss": 0.006016180079276518,
                    "MRE": 0.052347825643610436,
                    "MAE": 0.04190509180925141,
                    "RMSE": 55.56240605040265,
                    "train_loss": 0.01066785492002964
                },
                "step": 60000,
                "duration": 262.297829455
            },
            {
                "metrics": {
                    "eval_loss": 0.006025672502506579,
                    "MRE": 0.05759972570292539,
                    "MAE": 0.044585366792849,
                    "RMSE": 55.892928147658154,
                    "train_loss": 0.0050732530653476715
                },
                "step": 65000,
                "duration": 284.258187195
            },
            {
                "metrics": {
                    "eval_loss": 0.005753907250411178,
                    "MRE": 0.051880419660383426,
                    "MAE": 0.04024178673947962,
                    "RMSE": 51.160930973524835,
                    "train_loss": 0.004681674763560295
                },
                "step": 70000,
                "duration": 306.228345635
            },
            {
                "metrics": {
                    "eval_loss": 0.005580626225073829,
                    "MRE": 0.05302617202884055,
                    "MAE": 0.0401226176397566,
                    "RMSE": 50.10141263696203,
                    "train_loss": 0.005264324601739645
                },
                "step": 75000,
                "duration": 328.29030916
            },
            {
                "metrics": {
                    "eval_loss": 0.005603167883274301,
                    "MRE": 0.05135211914004925,
                    "MAE": 0.04066032367243812,
                    "RMSE": 47.53514874274231,
                    "train_loss": 0.004538378678262234
                },
                "step": 80000,