{
    "train_config": {
        "model": "LSTM",
        "dataset_environment_str": "RTX2080Ti_CPUALL",
        "meta_dataset_environment_strs": [
            "RTX2080Ti_CPUALL"
        ],
        "dataset_subgraph_node_size": 14,
        "dataset_subgraph_step": 7,
        "all_seed": 42,
        "dataset_params": {
            "duration_summed": false
        },
        "model_params": {
            "num_layers": 4,
            "bidirectional": true
        },
        "dataset_dummy": true,
        "batch_size": 128,
        "eval_steps": 5000,
        "learning_rate": 0.001,
        "epochs": 100,
        "optimizer": "Adam",
        "meta_configs": {
            "learning_rate": 0.005,
            "meta_learning_rate": 0.001,
            "meta_train_steps": 1000,
            "meta_task_per_step": 8,
            "meta_fast_adaption_step": 5,
            "meta_dataset_train_environment_strs": [
                "RTX2080Ti_CPUALL"
            ],
            "meta_dataset_eval_environment_strs": [
                "RTX2080Ti_CPUALL"
            ]
        }
    },
    "train_records": {
        "loss": [],
        "eval_metrics": [
            {
                "metrics": {
                    "eval_loss": 0.07663434566804646,
                    "MRE": 0.7062032036104676,
                    "MAE": 0.47548629710547013,
                    "RMSE": 469.56623454243686,
                    "train_loss": 0.10988523066043854
                },
                "step": 0,
                "duration": 0.009325566
            },
            {
                "metrics": {
                    "eval_loss": 0.013055009346647446,
                    "MRE": 0.07858180942650778,
                    "MAE": 0.09053221758762241,
                    "RMSE": 180.1615496065894,
                    "train_loss": 0.017783278599381447
                },
                "step": 5000,
                "duration": 18.293374921
            },
            {
                "metrics": {
                    "eval_loss": 0.010988611396978454,
                    "MRE": 0.06645040519440788,
                    "MAE": 0.07140529823669411,
                    "RMSE": 128.5334921360174,
                    "train_loss": 0.018220165744423866
                },
                "step": 10000,
                "duration": 36.749754797
            },
            {
                "metrics": {
                    "eval_loss": 0.009539999921843744,
                    "MRE": 0.06391167061029283,
                    "MAE": 0.05591467599663082,
                    "RMSE": 88.66797256901131,
                    "train_loss": 0.00776114035397768
                },
                "step": 15000,
                "duration": 55.118296926
            },
            {
                "metrics": {
                    "eval_loss": 0.008367092555363751,
                    "MRE": 0.06513364713447127,
                    "MAE": 0.06285317848177023,
                    "RMSE": 102.13198103893271,
                    "train_loss": 0.005723617505282164
                },
                "step": 20000,
                "duration": 73.554354088
            },
            {
                "metrics": {
                    "eval_loss": 0.00775695543406289,
                    "MRE": 0.06502413763764663,
                    "MAE": 0.055545541913472024,
                    "RMSE": 87.73990843842829,
                    "train_loss": 0.005021599121391773
                },
                "step": 25000,
                "duration": 91.826556205
            },
            {
                "metrics": {
                    "eval_loss": 0.007143267850608736,
                    "MRE": 0.0628696063785427,
                    "MAE": 0.0499508232002252,
                    "RMSE": 70.22148243430544,
                    "train_loss": 0.01374405063688755
                },
                "step": 30000,
                "duration": 110.287177871
            },
            {
                "metrics": {
                    "eval_loss": 0.006717493466306227,
                    "MRE": 0.05887277514906109,
                    "MAE": 0.047900849985579544,
                    "RMSE": 72.06439132476464,
                    "train_loss": 0.007308172527700663
                },
                "step": 35000,
                "duration": 128.738792775
            },
            {
                "metrics": {
                    "eval_loss": 0.006388891418360074,
                    "MRE": 0.05466618113846069,
                    "MAE": 0.04421841057262785,
                    "RMSE": 61.709183762881324,
                    "train_loss": 0.015310324728488922
                },
                "step": 40000,
                "duration": 147.032872806
            },
            {
                "metrics": {
                    "eval_loss": 0.0062999674839472955,
                    "MRE": 0.05254171244481416,
                    "MAE": 0.039308669721758435,
                    "RMSE": 57.11681084748272,
                    "train_loss": 0.0049893660470843315
                },
                "step": 45000,
                "duration": 165.325899236
            },
            {
                "metrics": {
                    "eval_loss": 0.00614804661135302,
                    "MRE": 0.054377599056563336,
                    "MAE": 0.04324431272981127,
                    "RMSE": 54.48989531598426,
                    "train_loss": 0.006110968068242073
                },
                "step": 50000,
                "duration": 183.798395428
            },
            {
                "metrics": {
                    "eval_loss": 0.005989307844113442,
                    "MRE": 0.059171265316992856,
                    "MAE": 0.04919589340395101,
                    "RMSE": 64.79321263246456,
                    "train_loss": 0.004699974320828915
                },
                "step": 55000,
                "duration": 204.448179405
            },
            {
                "metrics": {
                    "eval_loss": 0.005665604190873775,
                    "MRE": 0.04874866280980396,
                    "MAE": 0.04018152130429209,
                    "RMSE": 57.12365324434413,
                    "train_loss": 0.0054299538023769855
                },
                "step": 60000,
                "duration": 222.901877862
            },
            {
                "metrics": {
                    "eval_loss": 0.005351461523897412,
                    "MRE": 0.05005894619468436,
                    "MAE": 0.03831444680537464,
                    "RMSE": 47.92255491115597,
                    "train_loss": 0.005639046896249056
                },
                "step": 65000,
                "duration": 241.308908006
            },
            {
                "metrics": {
                    "eval_loss": 0.0053818998769585525,
                    "MRE": 0.05009995767285977,
                    "MAE": 0.04078192537523553,
                    "RMSE": 50.622616301174006,
                    "train_loss": 0.004100330173969269
                },
                "step": 70000,
                "duration": 259.520989657
            },
            {
                "metrics": {
                    "eval_loss": 0.005185962601662968,
                    "MRE": 0.0499971821199932,
                    "MAE": 0.0367863088133185,
                    "RMSE": 43.52573452469386,
                    "train_loss": 0.004576088394969702
                },
                "step": 75000,
                "duration": 277.788669801
            },
            {
                "metrics": {
                    "eval_loss": 0.005067694677988009,
                    "MRE": 0.04626205347715107,
                    "MAE": 0.03666933497839638,
                    "RMSE": 41.75653692665032,
                    "train_loss": 0.004464891739189625
                },
                "step": 80000,